[{"model": "contenttypes.contenttype", "pk": 1, "fields": {"app_label": "admin", "model": "logentry"}}, {"model": "contenttypes.contenttype", "pk": 2, "fields": {"app_label": "auth", "model": "permission"}}, {"model": "contenttypes.contenttype", "pk": 3, "fields": {"app_label": "auth", "model": "group"}}, {"model": "contenttypes.contenttype", "pk": 4, "fields": {"app_label": "auth", "model": "user"}}, {"model": "contenttypes.contenttype", "pk": 5, "fields": {"app_label": "contenttypes", "model": "contenttype"}}, {"model": "contenttypes.contenttype", "pk": 6, "fields": {"app_label": "sessions", "model": "session"}}, {"model": "contenttypes.contenttype", "pk": 7, "fields": {"app_label": "importdata", "model": "game"}}, {"model": "contenttypes.contenttype", "pk": 8, "fields": {"app_label": "importdata", "model": "infosteam"}}, {"model": "contenttypes.contenttype", "pk": 9, "fields": {"app_label": "importdata", "model": "infotwitch"}}, {"model": "contenttypes.contenttype", "pk": 10, "fields": {"app_label": "importdata", "model": "infoyoutube"}}, {"model": "contenttypes.contenttype", "pk": 11, "fields": {"app_label": "importdata", "model": "twitchstream"}}, {"model": "contenttypes.contenttype", "pk": 12, "fields": {"app_label": "importdata", "model": "palette"}}, {"model": "contenttypes.contenttype", "pk": 13, "fields": {"app_label": "importdata", "model": "screenshot"}}, {"model": "contenttypes.contenttype", "pk": 14, "fields": {"app_label": "importdata", "model": "genre"}}, {"model": "contenttypes.contenttype", "pk": 15, "fields": {"app_label": "importdata", "model": "language"}}, {"model": "importdata.language", "pk": 1, "fields": {"language": "Bulgarian"}}, {"model": "importdata.language", "pk": 2, "fields": {"language": "Czech"}}, {"model": "importdata.language", "pk": 3, "fields": {"language": "Danish"}}, {"model": "importdata.language", "pk": 4, "fields": {"language": "Dutch"}}, {"model": "importdata.language", "pk": 5, "fields": {"language": "English"}}, {"model": "importdata.language", "pk": 6, "fields": {"language": "Finnish"}}, {"model": "importdata.language", "pk": 7, "fields": {"language": "French"}}, {"model": "importdata.language", "pk": 8, "fields": {"language": "German"}}, {"model": "importdata.language", "pk": 9, "fields": {"language": "Greek"}}, {"model": "importdata.language", "pk": 10, "fields": {"language": "Hungarian"}}, {"model": "importdata.language", "pk": 11, "fields": {"language": "Italian"}}, {"model": "importdata.language", "pk": 12, "fields": {"language": "Japanese"}}, {"model": "importdata.language", "pk": 13, "fields": {"language": "Korean"}}, {"model": "importdata.language", "pk": 14, "fields": {"language": "Norwegian"}}, {"model": "importdata.language", "pk": 15, "fields": {"language": "Polish"}}, {"model": "importdata.language", "pk": 16, "fields": {"language": "Portuguese"}}, {"model": "importdata.language", "pk": 17, "fields": {"language": "Portuguese - Brazil"}}, {"model": "importdata.language", "pk": 18, "fields": {"language": "Romanian"}}, {"model": "importdata.language", "pk": 19, "fields": {"language": "Russian"}}, {"model": "importdata.language", "pk": 20, "fields": {"language": "Simplified Chinese"}}, {"model": "importdata.language", "pk": 21, "fields": {"language": "Spanish - Spain"}}, {"model": "importdata.language", "pk": 22, "fields": {"language": "Swedish"}}, {"model": "importdata.language", "pk": 23, "fields": {"language": "Thai"}}, {"model": "importdata.language", "pk": 24, "fields": {"language": "Traditional Chinese"}}, {"model": "importdata.language", "pk": 25, "fields": {"language": "Turkish"}}, {"model": "importdata.language", "pk": 26, "fields": {"language": "Ukrainian"}}, {"model": "importdata.language", "pk": 27, "fields": {"language": "Arabic"}}, {"model": "importdata.genre", "pk": 1, "fields": {"genre": "Action"}}, {"model": "importdata.genre", "pk": 2, "fields": {"genre": "Free to Play"}}, {"model": "importdata.genre", "pk": 3, "fields": {"genre": "Strategy"}}, {"model": "importdata.genre", "pk": 4, "fields": {"genre": "Adventure"}}, {"model": "importdata.genre", "pk": 5, "fields": {"genre": "Massively Multiplayer"}}, {"model": "importdata.genre", "pk": 6, "fields": {"genre": "Casual"}}, {"model": "importdata.genre", "pk": 7, "fields": {"genre": "Indie"}}, {"model": "importdata.game", "pk": 1, "fields": {"name": "Dota 2", "release_date": "2013-07-09T00:00:00Z", "main_image": "https://steamcdn-a.akamaihd.net/steam/apps/570/header.jpg?t=1536248487", "r_average": 83, "g_average": 82, "b_average": 74, "languages_game": [1, 2, 3, 4, 5, 6, 7, 8, 9, 10, 11, 12, 13, 14, 15, 16, 17, 18, 19, 20, 21, 22, 23, 24, 25, 26], "genres": [1, 2, 3]}}, {"model": "importdata.game", "pk": 2, "fields": {"name": "PLAYERUNKNOWN'S BATTLEGROUNDS", "release_date": "2017-12-21T00:00:00Z", "main_image": "https://steamcdn-a.akamaihd.net/steam/apps/578080/header.jpg?t=1539300944", "r_average": 95, "g_average": 99, "b_average": 95, "languages_game": [5, 7, 8, 11, 12, 13, 15, 16, 17, 19, 20, 21, 23, 24, 25, 26, 27], "genres": [1, 4, 5]}}, {"model": "importdata.game", "pk": 3, "fields": {"name": "Counter-Strike: Global Offensive", "release_date": "2012-08-21T00:00:00Z", "main_image": "https://steamcdn-a.akamaihd.net/steam/apps/730/header.jpg?t=1540300672", "r_average": 107, "g_average": 103, "b_average": 90, "languages_game": [1, 2, 3, 4, 5, 6, 7, 8, 10, 11, 12, 13, 14, 15, 16, 17, 18, 19, 20, 21, 22, 23, 24, 25, 26], "genres": [1]}}, {"model": "importdata.game", "pk": 4, "fields": {"name": "Team Fortress 2", "release_date": "2007-10-10T00:00:00Z", "main_image": "https://steamcdn-a.akamaihd.net/steam/apps/440/header.jpg?t=1539304875", "r_average": 96, "g_average": 83, "b_average": 72, "languages_game": [1, 2, 3, 4, 5, 6, 7, 8, 9, 10, 11, 12, 13, 14, 15, 16, 17, 18, 19, 20, 21, 22, 23, 24, 25, 26], "genres": [1, 2]}}, {"model": "importdata.game", "pk": 5, "fields": {"name": "Unturned", "release_date": "2017-07-07T00:00:00Z", "main_image": "https://steamcdn-a.akamaihd.net/steam/apps/304930/header.jpg?t=1540101174", "r_average": 100, "g_average": 93, "b_average": 83, "languages_game": [5], "genres": [1, 2, 4, 6, 7]}}, {"model": "importdata.infoyoutube", "pk": 1, "fields": {"game": 1, "count_videos": 9, "count_views": 3453328, "count_likes": 10338, "count_dislikes": 1644, "count_comments": 4672, "date": "2018-11-06T23:52:55.476Z"}}, {"model": "importdata.infoyoutube", "pk": 2, "fields": {"game": 2, "count_videos": 10, "count_views": 6125666, "count_likes": 81067, "count_dislikes": 3804, "count_comments": 4435, "date": "2018-11-06T23:52:55.873Z"}}, {"model": "importdata.infoyoutube", "pk": 3, "fields": {"game": 3, "count_videos": 10, "count_views": 30562079, "count_likes": 284856, "count_dislikes": 11039, "count_comments": 43260, "date": "2018-11-06T23:52:56.295Z"}}, {"model": "importdata.infoyoutube", "pk": 4, "fields": {"game": 4, "count_videos": 9, "count_views": 6128386, "count_likes": 50537, "count_dislikes": 4602, "count_comments": 12018, "date": "2018-11-06T23:52:56.869Z"}}, {"model": "importdata.infoyoutube", "pk": 5, "fields": {"game": 5, "count_videos": 10, "count_views": 1054195, "count_likes": 18230, "count_dislikes": 514, "count_comments": 2782, "date": "2018-11-06T23:52:57.356Z"}}, {"model": "importdata.infosteam", "pk": 1, "fields": {"game": 1, "positive_reviews_steam": 812925, "negative_reviews_steam": 120785, "owners": 150000000, "average_forever": 26672, "average_2weeks": 1580, "price": 0, "date": "2018-11-06T23:52:55.481Z"}}, {"model": "importdata.infosteam", "pk": 2, "fields": {"game": 2, "positive_reviews_steam": 449538, "negative_reviews_steam": 447803, "owners": 75000000, "average_forever": 19577, "average_2weeks": 731, "price": 2999, "date": "2018-11-06T23:52:55.877Z"}}, {"model": "importdata.infosteam", "pk": 3, "fields": {"game": 3, "positive_reviews_steam": 2423823, "negative_reviews_steam": 312082, "owners": 35000000, "average_forever": 34216, "average_2weeks": 991, "price": 1499, "date": "2018-11-06T23:52:56.299Z"}}, {"model": "importdata.infosteam", "pk": 4, "fields": {"game": 4, "positive_reviews_steam": 494051, "negative_reviews_steam": 32750, "owners": 35000000, "average_forever": 9759, "average_2weeks": 1291, "price": 0, "date": "2018-11-06T23:52:56.872Z"}}, {"model": "importdata.infosteam", "pk": 5, "fields": {"game": 5, "positive_reviews_steam": 285824, "negative_reviews_steam": 30323, "owners": 35000000, "average_forever": 2969, "average_2weeks": 730, "price": 0, "date": "2018-11-06T23:52:57.362Z"}}, {"model": "importdata.infotwitch", "pk": 1, "fields": {"game": 1, "viewer_count": 18295, "date": "2018-11-06T23:52:55.486Z"}}, {"model": "importdata.infotwitch", "pk": 2, "fields": {"game": 2, "viewer_count": 5693, "date": "2018-11-06T23:52:55.881Z"}}, {"model": "importdata.infotwitch", "pk": 3, "fields": {"game": 3, "viewer_count": 46345, "date": "2018-11-06T23:52:56.302Z"}}, {"model": "importdata.infotwitch", "pk": 4, "fields": {"game": 4, "viewer_count": 119, "date": "2018-11-06T23:52:56.875Z"}}, {"model": "importdata.infotwitch", "pk": 5, "fields": {"game": 5, "viewer_count": 11, "date": "2018-11-06T23:52:57.367Z"}}, {"model": "importdata.twitchstream", "pk": 1, "fields": {"game": 1, "language_stream": "ru", "started_at": "2018-11-06T15:42:48Z", "type": "live", "stream_view_count": 9751, "date": "2018-11-06T23:52:55.492Z"}}, {"model": "importdata.twitchstream", "pk": 2, "fields": {"game": 1, "language_stream": "ru", "started_at": "2018-11-06T19:25:31Z", "type": "live", "stream_view_count": 8544, "date": "2018-11-06T23:52:55.497Z"}}, {"model": "importdata.twitchstream", "pk": 3, "fields": {"game": 2, "language_stream": "pt-br", "started_at": "2018-11-06T20:49:16Z", "type": "live", "stream_view_count": 4297, "date": "2018-11-06T23:52:55.885Z"}}, {"model": "importdata.twitchstream", "pk": 4, "fields": {"game": 2, "language_stream": "de", "started_at": "2018-11-06T14:27:54Z", "type": "live", "stream_view_count": 1396, "date": "2018-11-06T23:52:55.888Z"}}, {"model": "importdata.twitchstream", "pk": 5, "fields": {"game": 3, "language_stream": "en", "started_at": "2018-11-06T18:11:39Z", "type": "live", "stream_view_count": 33103, "date": "2018-11-06T23:52:56.305Z"}}, {"model": "importdata.twitchstream", "pk": 6, "fields": {"game": 3, "language_stream": "en", "started_at": "2018-11-06T17:20:09Z", "type": "live", "stream_view_count": 13242, "date": "2018-11-06T23:52:56.309Z"}}, {"model": "importdata.twitchstream", "pk": 7, "fields": {"game": 4, "language_stream": "en", "started_at": "2018-11-06T03:20:45Z", "type": "live", "stream_view_count": 60, "date": "2018-11-06T23:52:56.879Z"}}, {"model": "importdata.twitchstream", "pk": 8, "fields": {"game": 4, "language_stream": "en", "started_at": "2018-11-05T10:28:07Z", "type": "live", "stream_view_count": 59, "date": "2018-11-06T23:52:56.884Z"}}, {"model": "importdata.twitchstream", "pk": 9, "fields": {"game": 5, "language_stream": "en", "started_at": "2018-11-06T20:55:45Z", "type": "live", "stream_view_count": 8, "date": "2018-11-06T23:52:57.372Z"}}, {"model": "importdata.twitchstream", "pk": 10, "fields": {"game": 5, "language_stream": "en", "started_at": "2018-11-06T21:58:13Z", "type": "live", "stream_view_count": 3, "date": "2018-11-06T23:52:57.376Z"}}, {"model": "importdata.screenshot", "pk": 1, "fields": {"game": 1, "url": "https://steamcdn-a.akamaihd.net/steam/apps/570/ss_86d675fdc73ba10462abb8f5ece7791c5047072c.600x338.jpg?t=1536248487"}}, {"model": "importdata.screenshot", "pk": 2, "fields": {"game": 1, "url": "https://steamcdn-a.akamaihd.net/steam/apps/570/ss_ad8eee787704745ccdecdfde3a5cd2733704898d.600x338.jpg?t=1536248487"}}, {"model": "importdata.screenshot", "pk": 3, "fields": {"game": 1, "url": "https://steamcdn-a.akamaihd.net/steam/apps/570/ss_7ab506679d42bfc0c0e40639887176494e0466d9.600x338.jpg?t=1536248487"}}, {"model": "importdata.screenshot", "pk": 4, "fields": {"game": 1, "url": "https://steamcdn-a.akamaihd.net/steam/apps/570/ss_c9118375a2400278590f29a3537769c986ef6e39.600x338.jpg?t=1536248487"}}, {"model": "importdata.screenshot", "pk": 5, "fields": {"game": 1, "url": "https://steamcdn-a.akamaihd.net/steam/apps/570/ss_f9ebafedaf2d5cfb80ef1f74baa18eb08cad6494.600x338.jpg?t=1536248487"}}, {"model": "importdata.screenshot", "pk": 6, "fields": {"game": 1, "url": "https://steamcdn-a.akamaihd.net/steam/apps/570/ss_27b6345f22243bd6b885cc64c5cda74e4bd9c3e8.600x338.jpg?t=1536248487"}}, {"model": "importdata.screenshot", "pk": 7, "fields": {"game": 1, "url": "https://steamcdn-a.akamaihd.net/steam/apps/570/ss_b33a65678dc71cc98df4890e22a89601ee56a918.600x338.jpg?t=1536248487"}}, {"model": "importdata.screenshot", "pk": 8, "fields": {"game": 1, "url": "https://steamcdn-a.akamaihd.net/steam/apps/570/ss_d0f973ce376ca5b6c08e081cb035e86ced105fa9.600x338.jpg?t=1536248487"}}, {"model": "importdata.screenshot", "pk": 9, "fields": {"game": 1, "url": "https://steamcdn-a.akamaihd.net/steam/apps/570/ss_1f3b5f5ccf8b159294914c3fe028128a787304b6.600x338.jpg?t=1536248487"}}, {"model": "importdata.screenshot", "pk": 10, "fields": {"game": 1, "url": "https://steamcdn-a.akamaihd.net/steam/apps/570/ss_e0a92f15a6631a8186df79182d0fe28b5e37d8cb.600x338.jpg?t=1536248487"}}, {"model": "importdata.screenshot", "pk": 11, "fields": {"game": 2, "url": "https://steamcdn-a.akamaihd.net/steam/apps/578080/ss_23af2e59855a833c22d0c11ca23a719f54a554ff.600x338.jpg?t=1539300944"}}, {"model": "importdata.screenshot", "pk": 12, "fields": {"game": 2, "url": "https://steamcdn-a.akamaihd.net/steam/apps/578080/ss_2c79b3b590b186b10bf082d37674621f204a3497.600x338.jpg?t=1539300944"}}, {"model": "importdata.screenshot", "pk": 13, "fields": {"game": 2, "url": "https://steamcdn-a.akamaihd.net/steam/apps/578080/ss_e7e79847eff0933de92192bb62b8bc7068d611da.600x338.jpg?t=1539300944"}}, {"model": "importdata.screenshot", "pk": 14, "fields": {"game": 2, "url": "https://steamcdn-a.akamaihd.net/steam/apps/578080/ss_a3f3f8894f4a4eb4d17d7e41c8e1f195f37ba896.600x338.jpg?t=1539300944"}}, {"model": "importdata.screenshot", "pk": 15, "fields": {"game": 2, "url": "https://steamcdn-a.akamaihd.net/steam/apps/578080/ss_108e2981889423b057b778cd07ae25ac18406cf1.600x338.jpg?t=1539300944"}}, {"model": "importdata.screenshot", "pk": 16, "fields": {"game": 2, "url": "https://steamcdn-a.akamaihd.net/steam/apps/578080/ss_2aa1de6f978ae9eb6dbe8fcf061395677c0460ab.600x338.jpg?t=1539300944"}}, {"model": "importdata.screenshot", "pk": 17, "fields": {"game": 2, "url": "https://steamcdn-a.akamaihd.net/steam/apps/578080/ss_a403a1f4071d36d42bea7a505089b56b570b2569.600x338.jpg?t=1539300944"}}, {"model": "importdata.screenshot", "pk": 18, "fields": {"game": 2, "url": "https://steamcdn-a.akamaihd.net/steam/apps/578080/ss_109d7072cf85f5b3b1e3dacadf3009718db451c4.600x338.jpg?t=1539300944"}}, {"model": "importdata.screenshot", "pk": 19, "fields": {"game": 2, "url": "https://steamcdn-a.akamaihd.net/steam/apps/578080/ss_4bbcaeac1ef977d962c60c1a5e4675cdd81de564.600x338.jpg?t=1539300944"}}, {"model": "importdata.screenshot", "pk": 20, "fields": {"game": 2, "url": "https://steamcdn-a.akamaihd.net/steam/apps/578080/ss_8112cd376568d9470c2edde841908fcdf46f1529.600x338.jpg?t=1539300944"}}, {"model": "importdata.screenshot", "pk": 21, "fields": {"game": 2, "url": "https://steamcdn-a.akamaihd.net/steam/apps/578080/ss_c4ac13f9030cc049353605840302f9090ee73106.600x338.jpg?t=1539300944"}}, {"model": "importdata.screenshot", "pk": 22, "fields": {"game": 2, "url": "https://steamcdn-a.akamaihd.net/steam/apps/578080/ss_88a8dff0756673179e190c2e16d090de63ecfb2e.600x338.jpg?t=1539300944"}}, {"model": "importdata.screenshot", "pk": 23, "fields": {"game": 2, "url": "https://steamcdn-a.akamaihd.net/steam/apps/578080/ss_f98ff7b48c80541cfe27399285013159707c8c5c.600x338.jpg?t=1539300944"}}, {"model": "importdata.screenshot", "pk": 24, "fields": {"game": 2, "url": "https://steamcdn-a.akamaihd.net/steam/apps/578080/ss_29d0709711f3204e84b6f9d69f3be163ebe12486.600x338.jpg?t=1539300944"}}, {"model": "importdata.screenshot", "pk": 25, "fields": {"game": 3, "url": "https://steamcdn-a.akamaihd.net/steam/apps/730/ss_34090867f1a02b6c17652ba9043e3f622ed985a9.600x338.jpg?t=1540300672"}}, {"model": "importdata.screenshot", "pk": 26, "fields": {"game": 3, "url": "https://steamcdn-a.akamaihd.net/steam/apps/730/ss_1d30c9a215fd621e2fd74f40d93b71587bf6409c.600x338.jpg?t=1540300672"}}, {"model": "importdata.screenshot", "pk": 27, "fields": {"game": 3, "url": "https://steamcdn-a.akamaihd.net/steam/apps/730/ss_baa02e979cd3852e3c4182afcd603ab64e3502f9.600x338.jpg?t=1540300672"}}, {"model": "importdata.screenshot", "pk": 28, "fields": {"game": 3, "url": "https://steamcdn-a.akamaihd.net/steam/apps/730/ss_ffe584c163a2b16e9c1b733b1c8e2ba669fb1204.600x338.jpg?t=1540300672"}}, {"model": "importdata.screenshot", "pk": 29, "fields": {"game": 3, "url": "https://steamcdn-a.akamaihd.net/steam/apps/730/ss_d87c102d028d545c877363166c9d8377014f0c23.600x338.jpg?t=1540300672"}}, {"model": "importdata.screenshot", "pk": 30, "fields": {"game": 3, "url": "https://steamcdn-a.akamaihd.net/steam/apps/730/ss_9d0735a5fbe523fd39f2c69c047019843c326cea.600x338.jpg?t=1540300672"}}, {"model": "importdata.screenshot", "pk": 31, "fields": {"game": 3, "url": "https://steamcdn-a.akamaihd.net/steam/apps/730/ss_9d889bec419cf38910ccf72dd80f9260227408ee.600x338.jpg?t=1540300672"}}, {"model": "importdata.screenshot", "pk": 32, "fields": {"game": 3, "url": "https://steamcdn-a.akamaihd.net/steam/apps/730/ss_ccc4ce6edd4c454b6ce7b0757e633b63aa93921d.600x338.jpg?t=1540300672"}}, {"model": "importdata.screenshot", "pk": 33, "fields": {"game": 3, "url": "https://steamcdn-a.akamaihd.net/steam/apps/730/ss_9db552fd461722f1569e3292d8f2ea654c8ffdef.600x338.jpg?t=1540300672"}}, {"model": "importdata.screenshot", "pk": 34, "fields": {"game": 3, "url": "https://steamcdn-a.akamaihd.net/steam/apps/730/ss_74c1a0264ceaf57e5fb51d978205045223b48a18.600x338.jpg?t=1540300672"}}, {"model": "importdata.screenshot", "pk": 35, "fields": {"game": 3, "url": "https://steamcdn-a.akamaihd.net/steam/apps/730/ss_7eaa83e44f5218a7bf5f88a0c750e36052e31d7d.600x338.jpg?t=1540300672"}}, {"model": "importdata.screenshot", "pk": 36, "fields": {"game": 3, "url": "https://steamcdn-a.akamaihd.net/steam/apps/730/ss_68007896ad6071b7062bac530c481e097105efc0.600x338.jpg?t=1540300672"}}, {"model": "importdata.screenshot", "pk": 37, "fields": {"game": 3, "url": "https://steamcdn-a.akamaihd.net/steam/apps/730/ss_2fcee01bace72bc47a2ad0ba82620588239e93df.600x338.jpg?t=1540300672"}}, {"model": "importdata.screenshot", "pk": 38, "fields": {"game": 3, "url": "https://steamcdn-a.akamaihd.net/steam/apps/730/ss_f5875f8de419a3d5133ae7245b8296db2c027dd8.600x338.jpg?t=1540300672"}}, {"model": "importdata.screenshot", "pk": 39, "fields": {"game": 3, "url": "https://steamcdn-a.akamaihd.net/steam/apps/730/ss_36f82c71ee2180159b060b155bf3d06dd8167327.600x338.jpg?t=1540300672"}}, {"model": "importdata.screenshot", "pk": 40, "fields": {"game": 4, "url": "https://steamcdn-a.akamaihd.net/steam/apps/440/ss_ea21f7bbf4f79bada4554df5108d04b6889d3453.600x338.jpg?t=1539304875"}}, {"model": "importdata.screenshot", "pk": 41, "fields": {"game": 4, "url": "https://steamcdn-a.akamaihd.net/steam/apps/440/ss_e3aedb2ab36bba8cfe611b1e0eaa807e4bb2d742.600x338.jpg?t=1539304875"}}, {"model": "importdata.screenshot", "pk": 42, "fields": {"game": 4, "url": "https://steamcdn-a.akamaihd.net/steam/apps/440/ss_ee24a769dc1d81dcbd7b250d16530394adee4264.600x338.jpg?t=1539304875"}}, {"model": "importdata.screenshot", "pk": 43, "fields": {"game": 4, "url": "https://steamcdn-a.akamaihd.net/steam/apps/440/ss_9faaa506d91bf19dbb398e0c06a684b337f85f91.600x338.jpg?t=1539304875"}}, {"model": "importdata.screenshot", "pk": 44, "fields": {"game": 4, "url": "https://steamcdn-a.akamaihd.net/steam/apps/440/ss_7de978f22a7059151c31d0488dc57c5c7703c48b.600x338.jpg?t=1539304875"}}, {"model": "importdata.screenshot", "pk": 45, "fields": {"game": 4, "url": "https://steamcdn-a.akamaihd.net/steam/apps/440/ss_e79f2490af3247b4b0f8d412d437b72c321cfe3b.600x338.jpg?t=1539304875"}}, {"model": "importdata.screenshot", "pk": 46, "fields": {"game": 4, "url": "https://steamcdn-a.akamaihd.net/steam/apps/440/ss_8f28c75172e3d08e65222725202b82f58bfe7df7.600x338.jpg?t=1539304875"}}, {"model": "importdata.screenshot", "pk": 47, "fields": {"game": 4, "url": "https://steamcdn-a.akamaihd.net/steam/apps/440/0000002574.600x338.jpg?t=1539304875"}}, {"model": "importdata.screenshot", "pk": 48, "fields": {"game": 4, "url": "https://steamcdn-a.akamaihd.net/steam/apps/440/0000002575.600x338.jpg?t=1539304875"}}, {"model": "importdata.screenshot", "pk": 49, "fields": {"game": 4, "url": "https://steamcdn-a.akamaihd.net/steam/apps/440/0000002576.600x338.jpg?t=1539304875"}}, {"model": "importdata.screenshot", "pk": 50, "fields": {"game": 4, "url": "https://steamcdn-a.akamaihd.net/steam/apps/440/0000002577.600x338.jpg?t=1539304875"}}, {"model": "importdata.screenshot", "pk": 51, "fields": {"game": 4, "url": "https://steamcdn-a.akamaihd.net/steam/apps/440/0000002578.600x338.jpg?t=1539304875"}}, {"model": "importdata.screenshot", "pk": 52, "fields": {"game": 4, "url": "https://steamcdn-a.akamaihd.net/steam/apps/440/0000002579.600x338.jpg?t=1539304875"}}, {"model": "importdata.screenshot", "pk": 53, "fields": {"game": 4, "url": "https://steamcdn-a.akamaihd.net/steam/apps/440/0000002580.600x338.jpg?t=1539304875"}}, {"model": "importdata.screenshot", "pk": 54, "fields": {"game": 4, "url": "https://steamcdn-a.akamaihd.net/steam/apps/440/0000002581.600x338.jpg?t=1539304875"}}, {"model": "importdata.screenshot", "pk": 55, "fields": {"game": 5, "url": "https://steamcdn-a.akamaihd.net/steam/apps/304930/ss_a2d8ffa4eaff717539c1fd9d3cd0440691c6fc81.600x338.jpg?t=1540101174"}}, {"model": "importdata.screenshot", "pk": 56, "fields": {"game": 5, "url": "https://steamcdn-a.akamaihd.net/steam/apps/304930/ss_68b4fad77fd55cb2e39673cce03d447c856f74f1.600x338.jpg?t=1540101174"}}, {"model": "importdata.screenshot", "pk": 57, "fields": {"game": 5, "url": "https://steamcdn-a.akamaihd.net/steam/apps/304930/ss_e7bd3004478e0e4500521be44995488933f70435.600x338.jpg?t=1540101174"}}, {"model": "importdata.screenshot", "pk": 58, "fields": {"game": 5, "url": "https://steamcdn-a.akamaihd.net/steam/apps/304930/ss_dab75d876be53346a0a5a1fc5e3ae1a4b54ea926.600x338.jpg?t=1540101174"}}, {"model": "importdata.screenshot", "pk": 59, "fields": {"game": 5, "url": "https://steamcdn-a.akamaihd.net/steam/apps/304930/ss_de07d47b7f81d0f53100398369ac49803d0570bf.600x338.jpg?t=1540101174"}}, {"model": "importdata.screenshot", "pk": 60, "fields": {"game": 5, "url": "https://steamcdn-a.akamaihd.net/steam/apps/304930/ss_c5853bdc47a4d84fc1f3e419be99bed787979725.600x338.jpg?t=1540101174"}}, {"model": "importdata.screenshot", "pk": 61, "fields": {"game": 5, "url": "https://steamcdn-a.akamaihd.net/steam/apps/304930/ss_b1cf12ba306180da433dcf199f6f4a2fa74e48bd.600x338.jpg?t=1540101174"}}, {"model": "importdata.screenshot", "pk": 62, "fields": {"game": 5, "url": "https://steamcdn-a.akamaihd.net/steam/apps/304930/ss_f634649eb2a50b49bc98f7cc27314b671c8cbff5.600x338.jpg?t=1540101174"}}, {"model": "importdata.screenshot", "pk": 63, "fields": {"game": 5, "url": "https://steamcdn-a.akamaihd.net/steam/apps/304930/ss_b4c970fade045cdb787b7dffb59928d6bd91d156.600x338.jpg?t=1540101174"}}, {"model": "importdata.screenshot", "pk": 64, "fields": {"game": 5, "url": "https://steamcdn-a.akamaihd.net/steam/apps/304930/ss_c45658331fd2c4b6a8e09b50bbadcc91c5801b36.600x338.jpg?t=1540101174"}}, {"model": "importdata.screenshot", "pk": 65, "fields": {"game": 5, "url": "https://steamcdn-a.akamaihd.net/steam/apps/304930/ss_89f92e7881cddaaf787a42c47ba7d666c01158f8.600x338.jpg?t=1540101174"}}, {"model": "importdata.screenshot", "pk": 66, "fields": {"game": 5, "url": "https://steamcdn-a.akamaihd.net/steam/apps/304930/ss_2754a9cdb632e6ed242799e073711fe6306a4245.600x338.jpg?t=1540101174"}}, {"model": "importdata.screenshot", "pk": 67, "fields": {"game": 5, "url": "https://steamcdn-a.akamaihd.net/steam/apps/304930/ss_db70f87c3635d930580b1365101952a72a14bd4e.600x338.jpg?t=1540101174"}}, {"model": "importdata.screenshot", "pk": 68, "fields": {"game": 5, "url": "https://steamcdn-a.akamaihd.net/steam/apps/304930/ss_e9b5d9c8b1afc2aabd3e33ac9407a09bd9bffccb.600x338.jpg?t=1540101174"}}, {"model": "importdata.screenshot", "pk": 69, "fields": {"game": 5, "url": "https://steamcdn-a.akamaihd.net/steam/apps/304930/ss_c3fb354648a11a009b4c31d4a4760b72f507335f.600x338.jpg?t=1540101174"}}, {"model": "importdata.screenshot", "pk": 70, "fields": {"game": 5, "url": "https://steamcdn-a.akamaihd.net/steam/apps/304930/ss_e3e31ca656cbe3b2d186e6644588bee9fe59f1df.600x338.jpg?t=1540101174"}}, {"model": "importdata.screenshot", "pk": 71, "fields": {"game": 5, "url": "https://steamcdn-a.akamaihd.net/steam/apps/304930/ss_6daaf570bf9b57647e44349a7f36e1f74064ca82.600x338.jpg?t=1540101174"}}, {"model": "importdata.screenshot", "pk": 72, "fields": {"game": 5, "url": "https://steamcdn-a.akamaihd.net/steam/apps/304930/ss_799d99c41ab6a6dc40016e538b2489a282c5071b.600x338.jpg?t=1540101174"}}, {"model": "importdata.screenshot", "pk": 73, "fields": {"game": 5, "url": "https://steamcdn-a.akamaihd.net/steam/apps/304930/ss_fad158e25f5a25946eb5d235a9bd8a2ad32f28f9.600x338.jpg?t=1540101174"}}, {"model": "importdata.screenshot", "pk": 74, "fields": {"game": 5, "url": "https://steamcdn-a.akamaihd.net/steam/apps/304930/ss_9fff298f6c9f4e01581dd04e9d7c9743af53a737.600x338.jpg?t=1540101174"}}, {"model": "importdata.palette", "pk": 1, "fields": {"screenshot": 1, "r": 138, "g": 166, "b": 82, "hex": "#8aa652"}}, {"model": "importdata.palette", "pk": 2, "fields": {"screenshot": 1, "r": 94, "g": 112, "b": 77, "hex": "#5e704d"}}, {"model": "importdata.palette", "pk": 3, "fields": {"screenshot": 1, "r": 72, "g": 68, "b": 84, "hex": "#484454"}}, {"model": "importdata.palette", "pk": 4, "fields": {"screenshot": 1, "r": 181, "g": 180, "b": 154, "hex": "#b5b49a"}}, {"model": "importdata.palette", "pk": 5, "fields": {"screenshot": 1, "r": 59, "g": 66, "b": 51, "hex": "#3b4233"}}, {"model": "importdata.palette", "pk": 6, "fields": {"screenshot": 2, "r": 121, "g": 94, "b": 109, "hex": "#795e6d"}}, {"model": "importdata.palette", "pk": 7, "fields": {"screenshot": 2, "r": 133, "g": 97, "b": 92, "hex": "#85615c"}}, {"model": "importdata.palette", "pk": 8, "fields": {"screenshot": 2, "r": 90, "g": 64, "b": 65, "hex": "#5a4041"}}, {"model": "importdata.palette", "pk": 9, "fields": {"screenshot": 2, "r": 90, "g": 52, "b": 42, "hex": "#5a342a"}}, {"model": "importdata.palette", "pk": 10, "fields": {"screenshot": 2, "r": 37, "g": 26, "b": 159, "hex": "#251a9f"}}, {"model": "importdata.palette", "pk": 11, "fields": {"screenshot": 3, "r": 55, "g": 60, "b": 64, "hex": "#373c40"}}, {"model": "importdata.palette", "pk": 12, "fields": {"screenshot": 3, "r": 97, "g": 87, "b": 79, "hex": "#61574f"}}, {"model": "importdata.palette", "pk": 13, "fields": {"screenshot": 3, "r": 19, "g": 26, "b": 32, "hex": "#131a20"}}, {"model": "importdata.palette", "pk": 14, "fields": {"screenshot": 3, "r": 52, "g": 38, "b": 41, "hex": "#342629"}}, {"model": "importdata.palette", "pk": 15, "fields": {"screenshot": 3, "r": 41, "g": 40, "b": 36, "hex": "#292824"}}, {"model": "importdata.palette", "pk": 16, "fields": {"screenshot": 4, "r": 163, "g": 144, "b": 89, "hex": "#a39059"}}, {"model": "importdata.palette", "pk": 17, "fields": {"screenshot": 4, "r": 62, "g": 78, "b": 56, "hex": "#3e4e38"}}, {"model": "importdata.palette", "pk": 18, "fields": {"screenshot": 4, "r": 49, "g": 54, "b": 55, "hex": "#313637"}}, {"model": "importdata.palette", "pk": 19, "fields": {"screenshot": 4, "r": 114, "g": 134, "b": 53, "hex": "#728635"}}, {"model": "importdata.palette", "pk": 20, "fields": {"screenshot": 4, "r": 18, "g": 28, "b": 33, "hex": "#121c21"}}, {"model": "importdata.palette", "pk": 21, "fields": {"screenshot": 5, "r": 116, "g": 140, "b": 81, "hex": "#748c51"}}, {"model": "importdata.palette", "pk": 22, "fields": {"screenshot": 5, "r": 29, "g": 41, "b": 45, "hex": "#1d292d"}}, {"model": "importdata.palette", "pk": 23, "fields": {"screenshot": 5, "r": 77, "g": 77, "b": 72, "hex": "#4d4d48"}}, {"model": "importdata.palette", "pk": 24, "fields": {"screenshot": 5, "r": 153, "g": 150, "b": 120, "hex": "#999678"}}, {"model": "importdata.palette", "pk": 25, "fields": {"screenshot": 5, "r": 73, "g": 94, "b": 107, "hex": "#495e6b"}}, {"model": "importdata.palette", "pk": 26, "fields": {"screenshot": 6, "r": 48, "g": 66, "b": 76, "hex": "#30424c"}}, {"model": "importdata.palette", "pk": 27, "fields": {"screenshot": 6, "r": 42, "g": 45, "b": 42, "hex": "#2a2d2a"}}, {"model": "importdata.palette", "pk": 28, "fields": {"screenshot": 6, "r": 25, "g": 36, "b": 47, "hex": "#19242f"}}, {"model": "importdata.palette", "pk": 29, "fields": {"screenshot": 6, "r": 128, "g": 140, "b": 134, "hex": "#808c86"}}, {"model": "importdata.palette", "pk": 30, "fields": {"screenshot": 6, "r": 73, "g": 66, "b": 57, "hex": "#494239"}}, {"model": "importdata.palette", "pk": 31, "fields": {"screenshot": 7, "r": 65, "g": 51, "b": 79, "hex": "#41334f"}}, {"model": "importdata.palette", "pk": 32, "fields": {"screenshot": 7, "r": 130, "g": 126, "b": 104, "hex": "#827e68"}}, {"model": "importdata.palette", "pk": 33, "fields": {"screenshot": 7, "r": 159, "g": 146, "b": 148, "hex": "#9f9294"}}, {"model": "importdata.palette", "pk": 34, "fields": {"screenshot": 7, "r": 37, "g": 35, "b": 31, "hex": "#25231f"}}, {"model": "importdata.palette", "pk": 35, "fields": {"screenshot": 7, "r": 147, "g": 121, "b": 98, "hex": "#937962"}}, {"model": "importdata.palette", "pk": 36, "fields": {"screenshot": 8, "r": 31, "g": 46, "b": 53, "hex": "#1f2e35"}}, {"model": "importdata.palette", "pk": 37, "fields": {"screenshot": 8, "r": 175, "g": 158, "b": 122, "hex": "#af9e7a"}}, {"model": "importdata.palette", "pk": 38, "fields": {"screenshot": 8, "r": 78, "g": 96, "b": 81, "hex": "#4e6051"}}, {"model": "importdata.palette", "pk": 39, "fields": {"screenshot": 8, "r": 110, "g": 128, "b": 57, "hex": "#6e8039"}}, {"model": "importdata.palette", "pk": 40, "fields": {"screenshot": 8, "r": 67, "g": 65, "b": 62, "hex": "#43413e"}}, {"model": "importdata.palette", "pk": 41, "fields": {"screenshot": 9, "r": 45, "g": 53, "b": 61, "hex": "#2d353d"}}, {"model": "importdata.palette", "pk": 42, "fields": {"screenshot": 9, "r": 29, "g": 29, "b": 27, "hex": "#1d1d1b"}}, {"model": "importdata.palette", "pk": 43, "fields": {"screenshot": 9, "r": 75, "g": 96, "b": 104, "hex": "#4b6068"}}, {"model": "importdata.palette", "pk": 44, "fields": {"screenshot": 9, "r": 133, "g": 84, "b": 40, "hex": "#855428"}}, {"model": "importdata.palette", "pk": 45, "fields": {"screenshot": 9, "r": 49, "g": 28, "b": 16, "hex": "#311c10"}}, {"model": "importdata.palette", "pk": 46, "fields": {"screenshot": 10, "r": 32, "g": 36, "b": 41, "hex": "#202429"}}, {"model": "importdata.palette", "pk": 47, "fields": {"screenshot": 10, "r": 54, "g": 65, "b": 75, "hex": "#36414b"}}, {"model": "importdata.palette", "pk": 48, "fields": {"screenshot": 10, "r": 46, "g": 30, "b": 31, "hex": "#2e1e1f"}}, {"model": "importdata.palette", "pk": 49, "fields": {"screenshot": 10, "r": 157, "g": 166, "b": 166, "hex": "#9da6a6"}}, {"model": "importdata.palette", "pk": 50, "fields": {"screenshot": 10, "r": 129, "g": 91, "b": 83, "hex": "#815b53"}}, {"model": "importdata.palette", "pk": 51, "fields": {"screenshot": 11, "r": 118, "g": 126, "b": 129, "hex": "#767e81"}}, {"model": "importdata.palette", "pk": 52, "fields": {"screenshot": 11, "r": 178, "g": 161, "b": 131, "hex": "#b2a183"}}, {"model": "importdata.palette", "pk": 53, "fields": {"screenshot": 11, "r": 50, "g": 56, "b": 59, "hex": "#32383b"}}, {"model": "importdata.palette", "pk": 54, "fields": {"screenshot": 11, "r": 148, "g": 138, "b": 127, "hex": "#948a7f"}}, {"model": "importdata.palette", "pk": 55, "fields": {"screenshot": 11, "r": 18, "g": 29, "b": 34, "hex": "#121d22"}}, {"model": "importdata.palette", "pk": 56, "fields": {"screenshot": 12, "r": 81, "g": 92, "b": 80, "hex": "#515c50"}}, {"model": "importdata.palette", "pk": 57, "fields": {"screenshot": 12, "r": 36, "g": 47, "b": 45, "hex": "#242f2d"}}, {"model": "importdata.palette", "pk": 58, "fields": {"screenshot": 12, "r": 44, "g": 47, "b": 26, "hex": "#2c2f1a"}}, {"model": "importdata.palette", "pk": 59, "fields": {"screenshot": 12, "r": 110, "g": 129, "b": 133, "hex": "#6e8185"}}, {"model": "importdata.palette", "pk": 60, "fields": {"screenshot": 12, "r": 83, "g": 74, "b": 45, "hex": "#534a2d"}}, {"model": "importdata.palette", "pk": 61, "fields": {"screenshot": 13, "r": 136, "g": 88, "b": 67, "hex": "#885843"}}, {"model": "importdata.palette", "pk": 62, "fields": {"screenshot": 13, "r": 132, "g": 184, "b": 221, "hex": "#84b8dd"}}, {"model": "importdata.palette", "pk": 63, "fields": {"screenshot": 13, "r": 181, "g": 140, "b": 111, "hex": "#b58c6f"}}, {"model": "importdata.palette", "pk": 64, "fields": {"screenshot": 13, "r": 192, "g": 214, "b": 232, "hex": "#c0d6e8"}}, {"model": "importdata.palette", "pk": 65, "fields": {"screenshot": 13, "r": 41, "g": 25, "b": 24, "hex": "#291918"}}, {"model": "importdata.palette", "pk": 66, "fields": {"screenshot": 14, "r": 2, "g": 47, "b": 65, "hex": "#022f41"}}, {"model": "importdata.palette", "pk": 67, "fields": {"screenshot": 14, "r": 56, "g": 127, "b": 152, "hex": "#387f98"}}, {"model": "importdata.palette", "pk": 68, "fields": {"screenshot": 14, "r": 3, "g": 84, "b": 105, "hex": "#035469"}}, {"model": "importdata.palette", "pk": 69, "fields": {"screenshot": 14, "r": 0, "g": 17, "b": 32, "hex": "#001120"}}, {"model": "importdata.palette", "pk": 70, "fields": {"screenshot": 14, "r": 89, "g": 67, "b": 64, "hex": "#594340"}}, {"model": "importdata.palette", "pk": 71, "fields": {"screenshot": 15, "r": 159, "g": 127, "b": 101, "hex": "#9f7f65"}}, {"model": "importdata.palette", "pk": 72, "fields": {"screenshot": 15, "r": 107, "g": 83, "b": 69, "hex": "#6b5345"}}, {"model": "importdata.palette", "pk": 73, "fields": {"screenshot": 15, "r": 43, "g": 33, "b": 32, "hex": "#2b2120"}}, {"model": "importdata.palette", "pk": 74, "fields": {"screenshot": 15, "r": 172, "g": 183, "b": 205, "hex": "#acb7cd"}}, {"model": "importdata.palette", "pk": 75, "fields": {"screenshot": 15, "r": 66, "g": 50, "b": 41, "hex": "#423229"}}, {"model": "importdata.palette", "pk": 76, "fields": {"screenshot": 16, "r": 183, "g": 220, "b": 239, "hex": "#b7dcef"}}, {"model": "importdata.palette", "pk": 77, "fields": {"screenshot": 16, "r": 177, "g": 149, "b": 107, "hex": "#b1956b"}}, {"model": "importdata.palette", "pk": 78, "fields": {"screenshot": 16, "r": 178, "g": 172, "b": 164, "hex": "#b2aca4"}}, {"model": "importdata.palette", "pk": 79, "fields": {"screenshot": 16, "r": 96, "g": 80, "b": 74, "hex": "#60504a"}}, {"model": "importdata.palette", "pk": 80, "fields": {"screenshot": 16, "r": 108, "g": 184, "b": 220, "hex": "#6cb8dc"}}, {"model": "importdata.palette", "pk": 81, "fields": {"screenshot": 17, "r": 152, "g": 117, "b": 88, "hex": "#987558"}}, {"model": "importdata.palette", "pk": 82, "fields": {"screenshot": 17, "r": 70, "g": 57, "b": 51, "hex": "#463933"}}, {"model": "importdata.palette", "pk": 83, "fields": {"screenshot": 17, "r": 43, "g": 47, "b": 31, "hex": "#2b2f1f"}}, {"model": "importdata.palette", "pk": 84, "fields": {"screenshot": 17, "r": 107, "g": 71, "b": 50, "hex": "#6b4732"}}, {"model": "importdata.palette", "pk": 85, "fields": {"screenshot": 17, "r": 106, "g": 101, "b": 90, "hex": "#6a655a"}}, {"model": "importdata.palette", "pk": 86, "fields": {"screenshot": 18, "r": 129, "g": 105, "b": 86, "hex": "#816956"}}, {"model": "importdata.palette", "pk": 87, "fields": {"screenshot": 18, "r": 167, "g": 158, "b": 151, "hex": "#a79e97"}}, {"model": "importdata.palette", "pk": 88, "fields": {"screenshot": 18, "r": 71, "g": 65, "b": 59, "hex": "#47413b"}}, {"model": "importdata.palette", "pk": 89, "fields": {"screenshot": 18, "r": 71, "g": 51, "b": 38, "hex": "#473326"}}, {"model": "importdata.palette", "pk": 90, "fields": {"screenshot": 18, "r": 172, "g": 78, "b": 68, "hex": "#ac4e44"}}, {"model": "importdata.palette", "pk": 91, "fields": {"screenshot": 19, "r": 177, "g": 185, "b": 190, "hex": "#b1b9be"}}, {"model": "importdata.palette", "pk": 92, "fields": {"screenshot": 19, "r": 79, "g": 116, "b": 131, "hex": "#4f7483"}}, {"model": "importdata.palette", "pk": 93, "fields": {"screenshot": 19, "r": 58, "g": 72, "b": 82, "hex": "#3a4852"}}, {"model": "importdata.palette", "pk": 94, "fields": {"screenshot": 19, "r": 6, "g": 24, "b": 34, "hex": "#061822"}}, {"model": "importdata.palette", "pk": 95, "fields": {"screenshot": 19, "r": 1, "g": 68, "b": 84, "hex": "#014454"}}, {"model": "importdata.palette", "pk": 96, "fields": {"screenshot": 20, "r": 96, "g": 160, "b": 191, "hex": "#60a0bf"}}, {"model": "importdata.palette", "pk": 97, "fields": {"screenshot": 20, "r": 160, "g": 151, "b": 136, "hex": "#a09788"}}, {"model": "importdata.palette", "pk": 98, "fields": {"screenshot": 20, "r": 44, "g": 37, "b": 37, "hex": "#2c2525"}}, {"model": "importdata.palette", "pk": 99, "fields": {"screenshot": 20, "r": 115, "g": 84, "b": 64, "hex": "#735440"}}, {"model": "importdata.palette", "pk": 100, "fields": {"screenshot": 20, "r": 97, "g": 84, "b": 84, "hex": "#615454"}}, {"model": "importdata.palette", "pk": 101, "fields": {"screenshot": 21, "r": 118, "g": 109, "b": 92, "hex": "#766d5c"}}, {"model": "importdata.palette", "pk": 102, "fields": {"screenshot": 21, "r": 117, "g": 110, "b": 66, "hex": "#756e42"}}, {"model": "importdata.palette", "pk": 103, "fields": {"screenshot": 21, "r": 52, "g": 44, "b": 37, "hex": "#342c25"}}, {"model": "importdata.palette", "pk": 104, "fields": {"screenshot": 21, "r": 64, "g": 65, "b": 42, "hex": "#40412a"}}, {"model": "importdata.palette", "pk": 105, "fields": {"screenshot": 21, "r": 16, "g": 29, "b": 22, "hex": "#101d16"}}, {"model": "importdata.palette", "pk": 106, "fields": {"screenshot": 22, "r": 159, "g": 186, "b": 201, "hex": "#9fbac9"}}, {"model": "importdata.palette", "pk": 107, "fields": {"screenshot": 22, "r": 148, "g": 133, "b": 117, "hex": "#948575"}}, {"model": "importdata.palette", "pk": 108, "fields": {"screenshot": 22, "r": 42, "g": 131, "b": 164, "hex": "#2a83a4"}}, {"model": "importdata.palette", "pk": 109, "fields": {"screenshot": 22, "r": 45, "g": 47, "b": 43, "hex": "#2d2f2b"}}, {"model": "importdata.palette", "pk": 110, "fields": {"screenshot": 22, "r": 66, "g": 53, "b": 48, "hex": "#423530"}}, {"model": "importdata.palette", "pk": 111, "fields": {"screenshot": 23, "r": 26, "g": 35, "b": 29, "hex": "#1a231d"}}, {"model": "importdata.palette", "pk": 112, "fields": {"screenshot": 23, "r": 38, "g": 55, "b": 32, "hex": "#263720"}}, {"model": "importdata.palette", "pk": 113, "fields": {"screenshot": 23, "r": 59, "g": 57, "b": 44, "hex": "#3b392c"}}, {"model": "importdata.palette", "pk": 114, "fields": {"screenshot": 23, "r": 131, "g": 159, "b": 159, "hex": "#839f9f"}}, {"model": "importdata.palette", "pk": 115, "fields": {"screenshot": 23, "r": 132, "g": 131, "b": 115, "hex": "#848373"}}, {"model": "importdata.palette", "pk": 116, "fields": {"screenshot": 24, "r": 159, "g": 130, "b": 99, "hex": "#9f8263"}}, {"model": "importdata.palette", "pk": 117, "fields": {"screenshot": 24, "r": 99, "g": 163, "b": 194, "hex": "#63a3c2"}}, {"model": "importdata.palette", "pk": 118, "fields": {"screenshot": 24, "r": 27, "g": 32, "b": 36, "hex": "#1b2024"}}, {"model": "importdata.palette", "pk": 119, "fields": {"screenshot": 24, "r": 90, "g": 76, "b": 65, "hex": "#5a4c41"}}, {"model": "importdata.palette", "pk": 120, "fields": {"screenshot": 24, "r": 185, "g": 206, "b": 216, "hex": "#b9ced8"}}, {"model": "importdata.palette", "pk": 121, "fields": {"screenshot": 25, "r": 58, "g": 60, "b": 54, "hex": "#3a3c36"}}, {"model": "importdata.palette", "pk": 122, "fields": {"screenshot": 25, "r": 28, "g": 30, "b": 25, "hex": "#1c1e19"}}, {"model": "importdata.palette", "pk": 123, "fields": {"screenshot": 25, "r": 83, "g": 80, "b": 61, "hex": "#53503d"}}, {"model": "importdata.palette", "pk": 124, "fields": {"screenshot": 25, "r": 210, "g": 206, "b": 177, "hex": "#d2ceb1"}}, {"model": "importdata.palette", "pk": 125, "fields": {"screenshot": 25, "r": 91, "g": 103, "b": 104, "hex": "#5b6768"}}, {"model": "importdata.palette", "pk": 126, "fields": {"screenshot": 26, "r": 49, "g": 49, "b": 43, "hex": "#31312b"}}, {"model": "importdata.palette", "pk": 127, "fields": {"screenshot": 26, "r": 90, "g": 83, "b": 67, "hex": "#5a5343"}}, {"model": "importdata.palette", "pk": 128, "fields": {"screenshot": 26, "r": 221, "g": 202, "b": 146, "hex": "#ddca92"}}, {"model": "importdata.palette", "pk": 129, "fields": {"screenshot": 26, "r": 134, "g": 122, "b": 93, "hex": "#867a5d"}}, {"model": "importdata.palette", "pk": 130, "fields": {"screenshot": 26, "r": 163, "g": 164, "b": 146, "hex": "#a3a492"}}, {"model": "importdata.palette", "pk": 131, "fields": {"screenshot": 27, "r": 55, "g": 59, "b": 56, "hex": "#373b38"}}, {"model": "importdata.palette", "pk": 132, "fields": {"screenshot": 27, "r": 93, "g": 91, "b": 70, "hex": "#5d5b46"}}, {"model": "importdata.palette", "pk": 133, "fields": {"screenshot": 27, "r": 34, "g": 36, "b": 29, "hex": "#22241d"}}, {"model": "importdata.palette", "pk": 134, "fields": {"screenshot": 27, "r": 135, "g": 147, "b": 127, "hex": "#87937f"}}, {"model": "importdata.palette", "pk": 135, "fields": {"screenshot": 27, "r": 172, "g": 159, "b": 119, "hex": "#ac9f77"}}, {"model": "importdata.palette", "pk": 136, "fields": {"screenshot": 28, "r": 33, "g": 33, "b": 30, "hex": "#21211e"}}, {"model": "importdata.palette", "pk": 137, "fields": {"screenshot": 28, "r": 73, "g": 83, "b": 78, "hex": "#49534e"}}, {"model": "importdata.palette", "pk": 138, "fields": {"screenshot": 28, "r": 139, "g": 178, "b": 179, "hex": "#8bb2b3"}}, {"model": "importdata.palette", "pk": 139, "fields": {"screenshot": 28, "r": 140, "g": 143, "b": 124, "hex": "#8c8f7c"}}, {"model": "importdata.palette", "pk": 140, "fields": {"screenshot": 28, "r": 220, "g": 209, "b": 172, "hex": "#dcd1ac"}}, {"model": "importdata.palette", "pk": 141, "fields": {"screenshot": 29, "r": 56, "g": 68, "b": 80, "hex": "#384450"}}, {"model": "importdata.palette", "pk": 142, "fields": {"screenshot": 29, "r": 31, "g": 39, "b": 40, "hex": "#1f2728"}}, {"model": "importdata.palette", "pk": 143, "fields": {"screenshot": 29, "r": 102, "g": 123, "b": 154, "hex": "#667b9a"}}, {"model": "importdata.palette", "pk": 144, "fields": {"screenshot": 29, "r": 183, "g": 211, "b": 222, "hex": "#b7d3de"}}, {"model": "importdata.palette", "pk": 145, "fields": {"screenshot": 29, "r": 113, "g": 115, "b": 126, "hex": "#71737e"}}, {"model": "importdata.palette", "pk": 146, "fields": {"screenshot": 30, "r": 227, "g": 219, "b": 188, "hex": "#e3dbbc"}}, {"model": "importdata.palette", "pk": 147, "fields": {"screenshot": 30, "r": 128, "g": 115, "b": 94, "hex": "#80735e"}}, {"model": "importdata.palette", "pk": 148, "fields": {"screenshot": 30, "r": 59, "g": 50, "b": 37, "hex": "#3b3225"}}, {"model": "importdata.palette", "pk": 149, "fields": {"screenshot": 30, "r": 31, "g": 26, "b": 19, "hex": "#1f1a13"}}, {"model": "importdata.palette", "pk": 150, "fields": {"screenshot": 30, "r": 117, "g": 75, "b": 61, "hex": "#754b3d"}}, {"model": "importdata.palette", "pk": 151, "fields": {"screenshot": 31, "r": 121, "g": 118, "b": 106, "hex": "#79766a"}}, {"model": "importdata.palette", "pk": 152, "fields": {"screenshot": 31, "r": 194, "g": 187, "b": 169, "hex": "#c2bba9"}}, {"model": "importdata.palette", "pk": 153, "fields": {"screenshot": 31, "r": 80, "g": 76, "b": 65, "hex": "#504c41"}}, {"model": "importdata.palette", "pk": 154, "fields": {"screenshot": 31, "r": 47, "g": 44, "b": 36, "hex": "#2f2c24"}}, {"model": "importdata.palette", "pk": 155, "fields": {"screenshot": 31, "r": 35, "g": 24, "b": 10, "hex": "#23180a"}}, {"model": "importdata.palette", "pk": 156, "fields": {"screenshot": 32, "r": 126, "g": 119, "b": 91, "hex": "#7e775b"}}, {"model": "importdata.palette", "pk": 157, "fields": {"screenshot": 32, "r": 36, "g": 40, "b": 38, "hex": "#242826"}}, {"model": "importdata.palette", "pk": 158, "fields": {"screenshot": 32, "r": 132, "g": 137, "b": 129, "hex": "#848981"}}, {"model": "importdata.palette", "pk": 159, "fields": {"screenshot": 32, "r": 76, "g": 76, "b": 57, "hex": "#4c4c39"}}, {"model": "importdata.palette", "pk": 160, "fields": {"screenshot": 32, "r": 90, "g": 112, "b": 118, "hex": "#5a7076"}}, {"model": "importdata.palette", "pk": 161, "fields": {"screenshot": 33, "r": 60, "g": 59, "b": 52, "hex": "#3c3b34"}}, {"model": "importdata.palette", "pk": 162, "fields": {"screenshot": 33, "r": 181, "g": 165, "b": 147, "hex": "#b5a593"}}, {"model": "importdata.palette", "pk": 163, "fields": {"screenshot": 33, "r": 32, "g": 29, "b": 24, "hex": "#201d18"}}, {"model": "importdata.palette", "pk": 164, "fields": {"screenshot": 33, "r": 118, "g": 108, "b": 93, "hex": "#766c5d"}}, {"model": "importdata.palette", "pk": 165, "fields": {"screenshot": 34, "r": 82, "g": 76, "b": 64, "hex": "#524c40"}}, {"model": "importdata.palette", "pk": 166, "fields": {"screenshot": 34, "r": 35, "g": 37, "b": 33, "hex": "#232521"}}, {"model": "importdata.palette", "pk": 167, "fields": {"screenshot": 34, "r": 159, "g": 157, "b": 145, "hex": "#9f9d91"}}, {"model": "importdata.palette", "pk": 168, "fields": {"screenshot": 34, "r": 104, "g": 83, "b": 70, "hex": "#685346"}}, {"model": "importdata.palette", "pk": 169, "fields": {"screenshot": 35, "r": 45, "g": 43, "b": 39, "hex": "#2d2b27"}}, {"model": "importdata.palette", "pk": 170, "fields": {"screenshot": 35, "r": 192, "g": 178, "b": 155, "hex": "#c0b29b"}}, {"model": "importdata.palette", "pk": 171, "fields": {"screenshot": 35, "r": 130, "g": 122, "b": 103, "hex": "#827a67"}}, {"model": "importdata.palette", "pk": 172, "fields": {"screenshot": 35, "r": 89, "g": 88, "b": 79, "hex": "#59584f"}}, {"model": "importdata.palette", "pk": 173, "fields": {"screenshot": 36, "r": 41, "g": 41, "b": 38, "hex": "#292926"}}, {"model": "importdata.palette", "pk": 174, "fields": {"screenshot": 36, "r": 122, "g": 102, "b": 82, "hex": "#7a6652"}}, {"model": "importdata.palette", "pk": 175, "fields": {"screenshot": 36, "r": 229, "g": 190, "b": 124, "hex": "#e5be7c"}}, {"model": "importdata.palette", "pk": 176, "fields": {"screenshot": 37, "r": 88, "g": 85, "b": 73, "hex": "#585549"}}, {"model": "importdata.palette", "pk": 177, "fields": {"screenshot": 37, "r": 43, "g": 40, "b": 34, "hex": "#2b2822"}}, {"model": "importdata.palette", "pk": 178, "fields": {"screenshot": 37, "r": 184, "g": 149, "b": 106, "hex": "#b8956a"}}, {"model": "importdata.palette", "pk": 179, "fields": {"screenshot": 37, "r": 155, "g": 113, "b": 82, "hex": "#9b7152"}}, {"model": "importdata.palette", "pk": 180, "fields": {"screenshot": 37, "r": 193, "g": 183, "b": 164, "hex": "#c1b7a4"}}, {"model": "importdata.palette", "pk": 181, "fields": {"screenshot": 38, "r": 96, "g": 96, "b": 88, "hex": "#606058"}}, {"model": "importdata.palette", "pk": 182, "fields": {"screenshot": 38, "r": 217, "g": 206, "b": 186, "hex": "#d9ceba"}}, {"model": "importdata.palette", "pk": 183, "fields": {"screenshot": 38, "r": 66, "g": 62, "b": 51, "hex": "#423e33"}}, {"model": "importdata.palette", "pk": 184, "fields": {"screenshot": 38, "r": 32, "g": 31, "b": 25, "hex": "#201f19"}}, {"model": "importdata.palette", "pk": 185, "fields": {"screenshot": 38, "r": 150, "g": 137, "b": 113, "hex": "#968971"}}, {"model": "importdata.palette", "pk": 186, "fields": {"screenshot": 39, "r": 28, "g": 28, "b": 24, "hex": "#1c1c18"}}, {"model": "importdata.palette", "pk": 187, "fields": {"screenshot": 39, "r": 122, "g": 136, "b": 141, "hex": "#7a888d"}}, {"model": "importdata.palette", "pk": 188, "fields": {"screenshot": 39, "r": 86, "g": 89, "b": 84, "hex": "#565954"}}, {"model": "importdata.palette", "pk": 189, "fields": {"screenshot": 40, "r": 79, "g": 72, "b": 65, "hex": "#4f4841"}}, {"model": "importdata.palette", "pk": 190, "fields": {"screenshot": 40, "r": 49, "g": 43, "b": 36, "hex": "#312b24"}}, {"model": "importdata.palette", "pk": 191, "fields": {"screenshot": 40, "r": 149, "g": 126, "b": 95, "hex": "#957e5f"}}, {"model": "importdata.palette", "pk": 192, "fields": {"screenshot": 40, "r": 40, "g": 47, "b": 59, "hex": "#282f3b"}}, {"model": "importdata.palette", "pk": 193, "fields": {"screenshot": 40, "r": 51, "g": 63, "b": 38, "hex": "#333f26"}}, {"model": "importdata.palette", "pk": 194, "fields": {"screenshot": 41, "r": 50, "g": 47, "b": 46, "hex": "#322f2e"}}, {"model": "importdata.palette", "pk": 195, "fields": {"screenshot": 41, "r": 30, "g": 39, "b": 18, "hex": "#1e2712"}}, {"model": "importdata.palette", "pk": 196, "fields": {"screenshot": 41, "r": 165, "g": 178, "b": 192, "hex": "#a5b2c0"}}, {"model": "importdata.palette", "pk": 197, "fields": {"screenshot": 41, "r": 71, "g": 80, "b": 47, "hex": "#47502f"}}, {"model": "importdata.palette", "pk": 198, "fields": {"screenshot": 41, "r": 145, "g": 128, "b": 103, "hex": "#918067"}}, {"model": "importdata.palette", "pk": 199, "fields": {"screenshot": 42, "r": 64, "g": 60, "b": 53, "hex": "#403c35"}}, {"model": "importdata.palette", "pk": 200, "fields": {"screenshot": 42, "r": 96, "g": 99, "b": 105, "hex": "#606369"}}, {"model": "importdata.palette", "pk": 201, "fields": {"screenshot": 42, "r": 55, "g": 38, "b": 37, "hex": "#372625"}}, {"model": "importdata.palette", "pk": 202, "fields": {"screenshot": 42, "r": 104, "g": 62, "b": 56, "hex": "#683e38"}}, {"model": "importdata.palette", "pk": 203, "fields": {"screenshot": 42, "r": 39, "g": 50, "b": 73, "hex": "#273249"}}, {"model": "importdata.palette", "pk": 204, "fields": {"screenshot": 43, "r": 98, "g": 96, "b": 80, "hex": "#626050"}}, {"model": "importdata.palette", "pk": 205, "fields": {"screenshot": 43, "r": 163, "g": 163, "b": 152, "hex": "#a3a398"}}, {"model": "importdata.palette", "pk": 206, "fields": {"screenshot": 43, "r": 106, "g": 109, "b": 113, "hex": "#6a6d71"}}, {"model": "importdata.palette", "pk": 207, "fields": {"screenshot": 43, "r": 36, "g": 43, "b": 24, "hex": "#242b18"}}, {"model": "importdata.palette", "pk": 208, "fields": {"screenshot": 43, "r": 48, "g": 30, "b": 27, "hex": "#301e1b"}}, {"model": "importdata.palette", "pk": 209, "fields": {"screenshot": 44, "r": 46, "g": 42, "b": 33, "hex": "#2e2a21"}}, {"model": "importdata.palette", "pk": 210, "fields": {"screenshot": 44, "r": 41, "g": 24, "b": 18, "hex": "#291812"}}, {"model": "importdata.palette", "pk": 211, "fields": {"screenshot": 44, "r": 107, "g": 103, "b": 91, "hex": "#6b675b"}}, {"model": "importdata.palette", "pk": 212, "fields": {"screenshot": 44, "r": 24, "g": 28, "b": 27, "hex": "#181c1b"}}, {"model": "importdata.palette", "pk": 213, "fields": {"screenshot": 44, "r": 136, "g": 65, "b": 38, "hex": "#884126"}}, {"model": "importdata.palette", "pk": 214, "fields": {"screenshot": 45, "r": 30, "g": 30, "b": 35, "hex": "#1e1e23"}}, {"model": "importdata.palette", "pk": 215, "fields": {"screenshot": 45, "r": 142, "g": 132, "b": 122, "hex": "#8e847a"}}, {"model": "importdata.palette", "pk": 216, "fields": {"screenshot": 45, "r": 52, "g": 66, "b": 95, "hex": "#34425f"}}, {"model": "importdata.palette", "pk": 217, "fields": {"screenshot": 45, "r": 31, "g": 26, "b": 20, "hex": "#1f1a14"}}, {"model": "importdata.palette", "pk": 218, "fields": {"screenshot": 45, "r": 35, "g": 50, "b": 39, "hex": "#233227"}}, {"model": "importdata.palette", "pk": 219, "fields": {"screenshot": 46, "r": 43, "g": 41, "b": 38, "hex": "#2b2926"}}, {"model": "importdata.palette", "pk": 220, "fields": {"screenshot": 46, "r": 84, "g": 79, "b": 70, "hex": "#544f46"}}, {"model": "importdata.palette", "pk": 221, "fields": {"screenshot": 46, "r": 116, "g": 116, "b": 92, "hex": "#74745c"}}, {"model": "importdata.palette", "pk": 222, "fields": {"screenshot": 46, "r": 185, "g": 189, "b": 167, "hex": "#b9bda7"}}, {"model": "importdata.palette", "pk": 223, "fields": {"screenshot": 47, "r": 123, "g": 77, "b": 55, "hex": "#7b4d37"}}, {"model": "importdata.palette", "pk": 224, "fields": {"screenshot": 47, "r": 111, "g": 178, "b": 231, "hex": "#6fb2e7"}}, {"model": "importdata.palette", "pk": 225, "fields": {"screenshot": 47, "r": 173, "g": 125, "b": 91, "hex": "#ad7d5b"}}, {"model": "importdata.palette", "pk": 226, "fields": {"screenshot": 47, "r": 53, "g": 33, "b": 22, "hex": "#352116"}}, {"model": "importdata.palette", "pk": 227, "fields": {"screenshot": 47, "r": 88, "g": 66, "b": 45, "hex": "#58422d"}}, {"model": "importdata.palette", "pk": 228, "fields": {"screenshot": 48, "r": 92, "g": 75, "b": 59, "hex": "#5c4b3b"}}, {"model": "importdata.palette", "pk": 229, "fields": {"screenshot": 48, "r": 182, "g": 206, "b": 214, "hex": "#b6ced6"}}, {"model": "importdata.palette", "pk": 230, "fields": {"screenshot": 48, "r": 141, "g": 92, "b": 66, "hex": "#8d5c42"}}, {"model": "importdata.palette", "pk": 231, "fields": {"screenshot": 48, "r": 38, "g": 24, "b": 17, "hex": "#261811"}}, {"model": "importdata.palette", "pk": 232, "fields": {"screenshot": 48, "r": 165, "g": 135, "b": 101, "hex": "#a58765"}}, {"model": "importdata.palette", "pk": 233, "fields": {"screenshot": 49, "r": 93, "g": 61, "b": 51, "hex": "#5d3d33"}}, {"model": "importdata.palette", "pk": 234, "fields": {"screenshot": 49, "r": 44, "g": 30, "b": 24, "hex": "#2c1e18"}}, {"model": "importdata.palette", "pk": 235, "fields": {"screenshot": 49, "r": 119, "g": 102, "b": 88, "hex": "#776658"}}, {"model": "importdata.palette", "pk": 236, "fields": {"screenshot": 49, "r": 254, "g": 184, "b": 77, "hex": "#feb84d"}}, {"model": "importdata.palette", "pk": 237, "fields": {"screenshot": 49, "r": 147, "g": 82, "b": 61, "hex": "#93523d"}}, {"model": "importdata.palette", "pk": 238, "fields": {"screenshot": 50, "r": 42, "g": 31, "b": 20, "hex": "#2a1f14"}}, {"model": "importdata.palette", "pk": 239, "fields": {"screenshot": 50, "r": 85, "g": 74, "b": 67, "hex": "#554a43"}}, {"model": "importdata.palette", "pk": 240, "fields": {"screenshot": 50, "r": 152, "g": 133, "b": 116, "hex": "#988574"}}, {"model": "importdata.palette", "pk": 241, "fields": {"screenshot": 50, "r": 49, "g": 47, "b": 52, "hex": "#312f34"}}, {"model": "importdata.palette", "pk": 242, "fields": {"screenshot": 50, "r": 38, "g": 18, "b": 18, "hex": "#261212"}}, {"model": "importdata.palette", "pk": 243, "fields": {"screenshot": 51, "r": 163, "g": 85, "b": 64, "hex": "#a35540"}}, {"model": "importdata.palette", "pk": 244, "fields": {"screenshot": 51, "r": 254, "g": 254, "b": 204, "hex": "#fefecc"}}, {"model": "importdata.palette", "pk": 245, "fields": {"screenshot": 51, "r": 97, "g": 76, "b": 63, "hex": "#614c3f"}}, {"model": "importdata.palette", "pk": 246, "fields": {"screenshot": 51, "r": 51, "g": 41, "b": 36, "hex": "#332924"}}, {"model": "importdata.palette", "pk": 247, "fields": {"screenshot": 51, "r": 94, "g": 158, "b": 211, "hex": "#5e9ed3"}}, {"model": "importdata.palette", "pk": 248, "fields": {"screenshot": 52, "r": 144, "g": 123, "b": 108, "hex": "#907b6c"}}, {"model": "importdata.palette", "pk": 249, "fields": {"screenshot": 52, "r": 50, "g": 48, "b": 55, "hex": "#323037"}}, {"model": "importdata.palette", "pk": 250, "fields": {"screenshot": 52, "r": 85, "g": 52, "b": 48, "hex": "#553430"}}, {"model": "importdata.palette", "pk": 251, "fields": {"screenshot": 52, "r": 54, "g": 40, "b": 37, "hex": "#362825"}}, {"model": "importdata.palette", "pk": 252, "fields": {"screenshot": 52, "r": 163, "g": 100, "b": 82, "hex": "#a36452"}}, {"model": "importdata.palette", "pk": 253, "fields": {"screenshot": 53, "r": 246, "g": 196, "b": 132, "hex": "#f6c484"}}, {"model": "importdata.palette", "pk": 254, "fields": {"screenshot": 53, "r": 43, "g": 18, "b": 13, "hex": "#2b120d"}}, {"model": "importdata.palette", "pk": 255, "fields": {"screenshot": 53, "r": 143, "g": 94, "b": 58, "hex": "#8f5e3a"}}, {"model": "importdata.palette", "pk": 256, "fields": {"screenshot": 53, "r": 51, "g": 82, "b": 113, "hex": "#335271"}}, {"model": "importdata.palette", "pk": 257, "fields": {"screenshot": 53, "r": 197, "g": 174, "b": 140, "hex": "#c5ae8c"}}, {"model": "importdata.palette", "pk": 258, "fields": {"screenshot": 54, "r": 49, "g": 46, "b": 41, "hex": "#312e29"}}, {"model": "importdata.palette", "pk": 259, "fields": {"screenshot": 54, "r": 60, "g": 28, "b": 38, "hex": "#3c1c26"}}, {"model": "importdata.palette", "pk": 260, "fields": {"screenshot": 54, "r": 122, "g": 107, "b": 95, "hex": "#7a6b5f"}}, {"model": "importdata.palette", "pk": 261, "fields": {"screenshot": 54, "r": 29, "g": 25, "b": 18, "hex": "#1d1912"}}, {"model": "importdata.palette", "pk": 262, "fields": {"screenshot": 54, "r": 112, "g": 67, "b": 64, "hex": "#704340"}}, {"model": "importdata.palette", "pk": 263, "fields": {"screenshot": 55, "r": 95, "g": 81, "b": 52, "hex": "#5f5134"}}, {"model": "importdata.palette", "pk": 264, "fields": {"screenshot": 55, "r": 68, "g": 62, "b": 50, "hex": "#443e32"}}, {"model": "importdata.palette", "pk": 265, "fields": {"screenshot": 55, "r": 115, "g": 75, "b": 37, "hex": "#734b25"}}, {"model": "importdata.palette", "pk": 266, "fields": {"screenshot": 55, "r": 49, "g": 23, "b": 24, "hex": "#311718"}}, {"model": "importdata.palette", "pk": 267, "fields": {"screenshot": 55, "r": 169, "g": 188, "b": 206, "hex": "#a9bcce"}}, {"model": "importdata.palette", "pk": 268, "fields": {"screenshot": 56, "r": 74, "g": 71, "b": 64, "hex": "#4a4740"}}, {"model": "importdata.palette", "pk": 269, "fields": {"screenshot": 56, "r": 142, "g": 141, "b": 133, "hex": "#8e8d85"}}, {"model": "importdata.palette", "pk": 270, "fields": {"screenshot": 56, "r": 95, "g": 104, "b": 58, "hex": "#5f683a"}}, {"model": "importdata.palette", "pk": 271, "fields": {"screenshot": 56, "r": 124, "g": 89, "b": 77, "hex": "#7c594d"}}, {"model": "importdata.palette", "pk": 272, "fields": {"screenshot": 56, "r": 51, "g": 50, "b": 53, "hex": "#333235"}}, {"model": "importdata.palette", "pk": 273, "fields": {"screenshot": 56, "r": 108, "g": 117, "b": 126, "hex": "#6c757e"}}, {"model": "importdata.palette", "pk": 274, "fields": {"screenshot": 57, "r": 88, "g": 77, "b": 59, "hex": "#584d3b"}}, {"model": "importdata.palette", "pk": 275, "fields": {"screenshot": 57, "r": 134, "g": 173, "b": 209, "hex": "#86add1"}}, {"model": "importdata.palette", "pk": 276, "fields": {"screenshot": 57, "r": 85, "g": 41, "b": 38, "hex": "#552926"}}, {"model": "importdata.palette", "pk": 277, "fields": {"screenshot": 57, "r": 39, "g": 38, "b": 36, "hex": "#272624"}}, {"model": "importdata.palette", "pk": 278, "fields": {"screenshot": 57, "r": 69, "g": 118, "b": 49, "hex": "#457631"}}, {"model": "importdata.palette", "pk": 279, "fields": {"screenshot": 58, "r": 102, "g": 87, "b": 68, "hex": "#665744"}}, {"model": "importdata.palette", "pk": 280, "fields": {"screenshot": 58, "r": 90, "g": 164, "b": 204, "hex": "#5aa4cc"}}, {"model": "importdata.palette", "pk": 281, "fields": {"screenshot": 58, "r": 153, "g": 126, "b": 124, "hex": "#997e7c"}}, {"model": "importdata.palette", "pk": 282, "fields": {"screenshot": 58, "r": 185, "g": 159, "b": 143, "hex": "#b99f8f"}}, {"model": "importdata.palette", "pk": 283, "fields": {"screenshot": 58, "r": 68, "g": 46, "b": 32, "hex": "#442e20"}}, {"model": "importdata.palette", "pk": 284, "fields": {"screenshot": 59, "r": 62, "g": 48, "b": 3, "hex": "#3e3003"}}, {"model": "importdata.palette", "pk": 285, "fields": {"screenshot": 59, "r": 114, "g": 91, "b": 11, "hex": "#725b0b"}}, {"model": "importdata.palette", "pk": 286, "fields": {"screenshot": 59, "r": 33, "g": 23, "b": 1, "hex": "#211701"}}, {"model": "importdata.palette", "pk": 287, "fields": {"screenshot": 59, "r": 135, "g": 38, "b": 3, "hex": "#872603"}}, {"model": "importdata.palette", "pk": 288, "fields": {"screenshot": 59, "r": 95, "g": 22, "b": 2, "hex": "#5f1602"}}, {"model": "importdata.palette", "pk": 289, "fields": {"screenshot": 60, "r": 14, "g": 18, "b": 47, "hex": "#0e122f"}}, {"model": "importdata.palette", "pk": 290, "fields": {"screenshot": 60, "r": 5, "g": 22, "b": 38, "hex": "#051626"}}, {"model": "importdata.palette", "pk": 291, "fields": {"screenshot": 60, "r": 61, "g": 62, "b": 54, "hex": "#3d3e36"}}, {"model": "importdata.palette", "pk": 292, "fields": {"screenshot": 60, "r": 46, "g": 4, "b": 8, "hex": "#2e0408"}}, {"model": "importdata.palette", "pk": 293, "fields": {"screenshot": 60, "r": 46, "g": 39, "b": 37, "hex": "#2e2725"}}, {"model": "importdata.palette", "pk": 294, "fields": {"screenshot": 61, "r": 118, "g": 99, "b": 68, "hex": "#766344"}}, {"model": "importdata.palette", "pk": 295, "fields": {"screenshot": 61, "r": 103, "g": 47, "b": 40, "hex": "#672f28"}}, {"model": "importdata.palette", "pk": 296, "fields": {"screenshot": 61, "r": 153, "g": 155, "b": 138, "hex": "#999b8a"}}, {"model": "importdata.palette", "pk": 297, "fields": {"screenshot": 61, "r": 181, "g": 147, "b": 64, "hex": "#b59340"}}, {"model": "importdata.palette", "pk": 298, "fields": {"screenshot": 61, "r": 44, "g": 63, "b": 43, "hex": "#2c3f2b"}}, {"model": "importdata.palette", "pk": 299, "fields": {"screenshot": 61, "r": 59, "g": 50, "b": 35, "hex": "#3b3223"}}, {"model": "importdata.palette", "pk": 300, "fields": {"screenshot": 62, "r": 131, "g": 141, "b": 151, "hex": "#838d97"}}, {"model": "importdata.palette", "pk": 301, "fields": {"screenshot": 62, "r": 112, "g": 107, "b": 96, "hex": "#706b60"}}, {"model": "importdata.palette", "pk": 302, "fields": {"screenshot": 62, "r": 48, "g": 54, "b": 32, "hex": "#303620"}}, {"model": "importdata.palette", "pk": 303, "fields": {"screenshot": 63, "r": 0, "g": 0, "b": 0, "hex": "#000000"}}, {"model": "importdata.palette", "pk": 304, "fields": {"screenshot": 63, "r": 5, "g": 27, "b": 41, "hex": "#051b29"}}, {"model": "importdata.palette", "pk": 305, "fields": {"screenshot": 64, "r": 114, "g": 69, "b": 15, "hex": "#72450f"}}, {"model": "importdata.palette", "pk": 306, "fields": {"screenshot": 64, "r": 37, "g": 23, "b": 22, "hex": "#251716"}}, {"model": "importdata.palette", "pk": 307, "fields": {"screenshot": 64, "r": 75, "g": 49, "b": 13, "hex": "#4b310d"}}, {"model": "importdata.palette", "pk": 308, "fields": {"screenshot": 64, "r": 189, "g": 169, "b": 143, "hex": "#bda98f"}}, {"model": "importdata.palette", "pk": 309, "fields": {"screenshot": 64, "r": 59, "g": 28, "b": 17, "hex": "#3b1c11"}}, {"model": "importdata.palette", "pk": 310, "fields": {"screenshot": 65, "r": 30, "g": 13, "b": 27, "hex": "#1e0d1b"}}, {"model": "importdata.palette", "pk": 311, "fields": {"screenshot": 65, "r": 71, "g": 32, "b": 46, "hex": "#47202e"}}, {"model": "importdata.palette", "pk": 312, "fields": {"screenshot": 65, "r": 4, "g": 18, "b": 45, "hex": "#04122d"}}, {"model": "importdata.palette", "pk": 313, "fields": {"screenshot": 66, "r": 103, "g": 70, "b": 55, "hex": "#674637"}}, {"model": "importdata.palette", "pk": 314, "fields": {"screenshot": 66, "r": 76, "g": 73, "b": 78, "hex": "#4c494e"}}, {"model": "importdata.palette", "pk": 315, "fields": {"screenshot": 66, "r": 146, "g": 155, "b": 172, "hex": "#929bac"}}, {"model": "importdata.palette", "pk": 316, "fields": {"screenshot": 66, "r": 61, "g": 43, "b": 33, "hex": "#3d2b21"}}, {"model": "importdata.palette", "pk": 317, "fields": {"screenshot": 66, "r": 221, "g": 200, "b": 180, "hex": "#ddc8b4"}}, {"model": "importdata.palette", "pk": 318, "fields": {"screenshot": 67, "r": 45, "g": 60, "b": 37, "hex": "#2d3c25"}}, {"model": "importdata.palette", "pk": 319, "fields": {"screenshot": 67, "r": 30, "g": 22, "b": 12, "hex": "#1e160c"}}, {"model": "importdata.palette", "pk": 320, "fields": {"screenshot": 67, "r": 254, "g": 254, "b": 223, "hex": "#fefedf"}}, {"model": "importdata.palette", "pk": 321, "fields": {"screenshot": 67, "r": 165, "g": 172, "b": 176, "hex": "#a5acb0"}}, {"model": "importdata.palette", "pk": 322, "fields": {"screenshot": 67, "r": 101, "g": 87, "b": 47, "hex": "#65572f"}}, {"model": "importdata.palette", "pk": 323, "fields": {"screenshot": 68, "r": 156, "g": 243, "b": 254, "hex": "#9cf3fe"}}, {"model": "importdata.palette", "pk": 324, "fields": {"screenshot": 68, "r": 148, "g": 143, "b": 55, "hex": "#948f37"}}, {"model": "importdata.palette", "pk": 325, "fields": {"screenshot": 68, "r": 156, "g": 181, "b": 191, "hex": "#9cb5bf"}}, {"model": "importdata.palette", "pk": 326, "fields": {"screenshot": 68, "r": 128, "g": 122, "b": 114, "hex": "#807a72"}}, {"model": "importdata.palette", "pk": 327, "fields": {"screenshot": 68, "r": 109, "g": 99, "b": 63, "hex": "#6d633f"}}, {"model": "importdata.palette", "pk": 328, "fields": {"screenshot": 69, "r": 58, "g": 75, "b": 86, "hex": "#3a4b56"}}, {"model": "importdata.palette", "pk": 329, "fields": {"screenshot": 69, "r": 4, "g": 18, "b": 45, "hex": "#04122d"}}, {"model": "importdata.palette", "pk": 330, "fields": {"screenshot": 70, "r": 144, "g": 110, "b": 90, "hex": "#906e5a"}}, {"model": "importdata.palette", "pk": 331, "fields": {"screenshot": 70, "r": 196, "g": 154, "b": 111, "hex": "#c49a6f"}}, {"model": "importdata.palette", "pk": 332, "fields": {"screenshot": 70, "r": 26, "g": 51, "b": 15, "hex": "#1a330f"}}, {"model": "importdata.palette", "pk": 333, "fields": {"screenshot": 70, "r": 254, "g": 254, "b": 220, "hex": "#fefedc"}}, {"model": "importdata.palette", "pk": 334, "fields": {"screenshot": 70, "r": 187, "g": 178, "b": 159, "hex": "#bbb29f"}}, {"model": "importdata.palette", "pk": 335, "fields": {"screenshot": 71, "r": 106, "g": 164, "b": 212, "hex": "#6aa4d4"}}, {"model": "importdata.palette", "pk": 336, "fields": {"screenshot": 71, "r": 98, "g": 98, "b": 107, "hex": "#62626b"}}, {"model": "importdata.palette", "pk": 337, "fields": {"screenshot": 71, "r": 202, "g": 178, "b": 148, "hex": "#cab294"}}, {"model": "importdata.palette", "pk": 338, "fields": {"screenshot": 71, "r": 88, "g": 118, "b": 146, "hex": "#587692"}}, {"model": "importdata.palette", "pk": 339, "fields": {"screenshot": 71, "r": 108, "g": 98, "b": 92, "hex": "#6c625c"}}, {"model": "importdata.palette", "pk": 340, "fields": {"screenshot": 72, "r": 83, "g": 115, "b": 92, "hex": "#53735c"}}, {"model": "importdata.palette", "pk": 341, "fields": {"screenshot": 72, "r": 135, "g": 117, "b": 104, "hex": "#877568"}}, {"model": "importdata.palette", "pk": 342, "fields": {"screenshot": 72, "r": 89, "g": 92, "b": 81, "hex": "#595c51"}}, {"model": "importdata.palette", "pk": 343, "fields": {"screenshot": 72, "r": 128, "g": 150, "b": 163, "hex": "#8096a3"}}, {"model": "importdata.palette", "pk": 344, "fields": {"screenshot": 73, "r": 77, "g": 73, "b": 45, "hex": "#4d492d"}}, {"model": "importdata.palette", "pk": 345, "fields": {"screenshot": 73, "r": 188, "g": 182, "b": 175, "hex": "#bcb6af"}}, {"model": "importdata.palette", "pk": 346, "fields": {"screenshot": 73, "r": 128, "g": 119, "b": 113, "hex": "#807771"}}, {"model": "importdata.palette", "pk": 347, "fields": {"screenshot": 73, "r": 43, "g": 40, "b": 29, "hex": "#2b281d"}}, {"model": "importdata.palette", "pk": 348, "fields": {"screenshot": 74, "r": 40, "g": 19, "b": 14, "hex": "#28130e"}}, {"model": "importdata.palette", "pk": 349, "fields": {"screenshot": 74, "r": 171, "g": 139, "b": 167, "hex": "#ab8ba7"}}, {"model": "importdata.palette", "pk": 350, "fields": {"screenshot": 74, "r": 146, "g": 150, "b": 179, "hex": "#9296b3"}}, {"model": "importdata.palette", "pk": 351, "fields": {"screenshot": 74, "r": 86, "g": 89, "b": 117, "hex": "#565975"}}, {"model": "importdata.palette", "pk": 352, "fields": {"screenshot": 74, "r": 70, "g": 44, "b": 38, "hex": "#462c26"}}, {"model": "auth.permission", "pk": 1, "fields": {"name": "Can add log entry", "content_type": 1, "codename": "add_logentry"}}, {"model": "auth.permission", "pk": 2, "fields": {"name": "Can change log entry", "content_type": 1, "codename": "change_logentry"}}, {"model": "auth.permission", "pk": 3, "fields": {"name": "Can delete log entry", "content_type": 1, "codename": "delete_logentry"}}, {"model": "auth.permission", "pk": 4, "fields": {"name": "Can view log entry", "content_type": 1, "codename": "view_logentry"}}, {"model": "auth.permission", "pk": 5, "fields": {"name": "Can add permission", "content_type": 2, "codename": "add_permission"}}, {"model": "auth.permission", "pk": 6, "fields": {"name": "Can change permission", "content_type": 2, "codename": "change_permission"}}, {"model": "auth.permission", "pk": 7, "fields": {"name": "Can delete permission", "content_type": 2, "codename": "delete_permission"}}, {"model": "auth.permission", "pk": 8, "fields": {"name": "Can view permission", "content_type": 2, "codename": "view_permission"}}, {"model": "auth.permission", "pk": 9, "fields": {"name": "Can add group", "content_type": 3, "codename": "add_group"}}, {"model": "auth.permission", "pk": 10, "fields": {"name": "Can change group", "content_type": 3, "codename": "change_group"}}, {"model": "auth.permission", "pk": 11, "fields": {"name": "Can delete group", "content_type": 3, "codename": "delete_group"}}, {"model": "auth.permission", "pk": 12, "fields": {"name": "Can view group", "content_type": 3, "codename": "view_group"}}, {"model": "auth.permission", "pk": 13, "fields": {"name": "Can add user", "content_type": 4, "codename": "add_user"}}, {"model": "auth.permission", "pk": 14, "fields": {"name": "Can change user", "content_type": 4, "codename": "change_user"}}, {"model": "auth.permission", "pk": 15, "fields": {"name": "Can delete user", "content_type": 4, "codename": "delete_user"}}, {"model": "auth.permission", "pk": 16, "fields": {"name": "Can view user", "content_type": 4, "codename": "view_user"}}, {"model": "auth.permission", "pk": 17, "fields": {"name": "Can add content type", "content_type": 5, "codename": "add_contenttype"}}, {"model": "auth.permission", "pk": 18, "fields": {"name": "Can change content type", "content_type": 5, "codename": "change_contenttype"}}, {"model": "auth.permission", "pk": 19, "fields": {"name": "Can delete content type", "content_type": 5, "codename": "delete_contenttype"}}, {"model": "auth.permission", "pk": 20, "fields": {"name": "Can view content type", "content_type": 5, "codename": "view_contenttype"}}, {"model": "auth.permission", "pk": 21, "fields": {"name": "Can add session", "content_type": 6, "codename": "add_session"}}, {"model": "auth.permission", "pk": 22, "fields": {"name": "Can change session", "content_type": 6, "codename": "change_session"}}, {"model": "auth.permission", "pk": 23, "fields": {"name": "Can delete session", "content_type": 6, "codename": "delete_session"}}, {"model": "auth.permission", "pk": 24, "fields": {"name": "Can view session", "content_type": 6, "codename": "view_session"}}, {"model": "auth.permission", "pk": 25, "fields": {"name": "Can add Game Data", "content_type": 7, "codename": "add_game"}}, {"model": "auth.permission", "pk": 26, "fields": {"name": "Can change Game Data", "content_type": 7, "codename": "change_game"}}, {"model": "auth.permission", "pk": 27, "fields": {"name": "Can delete Game Data", "content_type": 7, "codename": "delete_game"}}, {"model": "auth.permission", "pk": 28, "fields": {"name": "Can view Game Data", "content_type": 7, "codename": "view_game"}}, {"model": "auth.permission", "pk": 29, "fields": {"name": "Can add Steam Data", "content_type": 8, "codename": "add_infosteam"}}, {"model": "auth.permission", "pk": 30, "fields": {"name": "Can change Steam Data", "content_type": 8, "codename": "change_infosteam"}}, {"model": "auth.permission", "pk": 31, "fields": {"name": "Can delete Steam Data", "content_type": 8, "codename": "delete_infosteam"}}, {"model": "auth.permission", "pk": 32, "fields": {"name": "Can view Steam Data", "content_type": 8, "codename": "view_infosteam"}}, {"model": "auth.permission", "pk": 33, "fields": {"name": "Can add Twitch Data", "content_type": 9, "codename": "add_infotwitch"}}, {"model": "auth.permission", "pk": 34, "fields": {"name": "Can change Twitch Data", "content_type": 9, "codename": "change_infotwitch"}}, {"model": "auth.permission", "pk": 35, "fields": {"name": "Can delete Twitch Data", "content_type": 9, "codename": "delete_infotwitch"}}, {"model": "auth.permission", "pk": 36, "fields": {"name": "Can view Twitch Data", "content_type": 9, "codename": "view_infotwitch"}}, {"model": "auth.permission", "pk": 37, "fields": {"name": "Can add Youtube Data", "content_type": 10, "codename": "add_infoyoutube"}}, {"model": "auth.permission", "pk": 38, "fields": {"name": "Can change Youtube Data", "content_type": 10, "codename": "change_infoyoutube"}}, {"model": "auth.permission", "pk": 39, "fields": {"name": "Can delete Youtube Data", "content_type": 10, "codename": "delete_infoyoutube"}}, {"model": "auth.permission", "pk": 40, "fields": {"name": "Can view Youtube Data", "content_type": 10, "codename": "view_infoyoutube"}}, {"model": "auth.permission", "pk": 41, "fields": {"name": "Can add Stream Data", "content_type": 11, "codename": "add_twitchstream"}}, {"model": "auth.permission", "pk": 42, "fields": {"name": "Can change Stream Data", "content_type": 11, "codename": "change_twitchstream"}}, {"model": "auth.permission", "pk": 43, "fields": {"name": "Can delete Stream Data", "content_type": 11, "codename": "delete_twitchstream"}}, {"model": "auth.permission", "pk": 44, "fields": {"name": "Can view Stream Data", "content_type": 11, "codename": "view_twitchstream"}}, {"model": "auth.permission", "pk": 45, "fields": {"name": "Can add Palette Data", "content_type": 12, "codename": "add_palette"}}, {"model": "auth.permission", "pk": 46, "fields": {"name": "Can change Palette Data", "content_type": 12, "codename": "change_palette"}}, {"model": "auth.permission", "pk": 47, "fields": {"name": "Can delete Palette Data", "content_type": 12, "codename": "delete_palette"}}, {"model": "auth.permission", "pk": 48, "fields": {"name": "Can view Palette Data", "content_type": 12, "codename": "view_palette"}}, {"model": "auth.permission", "pk": 49, "fields": {"name": "Can add Screenshot Data", "content_type": 13, "codename": "add_screenshot"}}, {"model": "auth.permission", "pk": 50, "fields": {"name": "Can change Screenshot Data", "content_type": 13, "codename": "change_screenshot"}}, {"model": "auth.permission", "pk": 51, "fields": {"name": "Can delete Screenshot Data", "content_type": 13, "codename": "delete_screenshot"}}, {"model": "auth.permission", "pk": 52, "fields": {"name": "Can view Screenshot Data", "content_type": 13, "codename": "view_screenshot"}}, {"model": "auth.permission", "pk": 53, "fields": {"name": "Can add Genre Data", "content_type": 14, "codename": "add_genre"}}, {"model": "auth.permission", "pk": 54, "fields": {"name": "Can change Genre Data", "content_type": 14, "codename": "change_genre"}}, {"model": "auth.permission", "pk": 55, "fields": {"name": "Can delete Genre Data", "content_type": 14, "codename": "delete_genre"}}, {"model": "auth.permission", "pk": 56, "fields": {"name": "Can view Genre Data", "content_type": 14, "codename": "view_genre"}}, {"model": "auth.permission", "pk": 57, "fields": {"name": "Can add Language Data", "content_type": 15, "codename": "add_language"}}, {"model": "auth.permission", "pk": 58, "fields": {"name": "Can change Language Data", "content_type": 15, "codename": "change_language"}}, {"model": "auth.permission", "pk": 59, "fields": {"name": "Can delete Language Data", "content_type": 15, "codename": "delete_language"}}, {"model": "auth.permission", "pk": 60, "fields": {"name": "Can view Language Data", "content_type": 15, "codename": "view_language"}}]
