[{"model": "API.language", "pk": 1, "fields": {"language": "Bulgarian"}}, {"model": "API.language", "pk": 2, "fields": {"language": "Czech"}}, {"model": "API.language", "pk": 3, "fields": {"language": "Danish"}}, {"model": "API.language", "pk": 4, "fields": {"language": "Dutch"}}, {"model": "API.language", "pk": 5, "fields": {"language": "English"}}, {"model": "API.language", "pk": 6, "fields": {"language": "Finnish"}}, {"model": "API.language", "pk": 7, "fields": {"language": "French"}}, {"model": "API.language", "pk": 8, "fields": {"language": "German"}}, {"model": "API.language", "pk": 9, "fields": {"language": "Greek"}}, {"model": "API.language", "pk": 10, "fields": {"language": "Hungarian"}}, {"model": "API.language", "pk": 11, "fields": {"language": "Italian"}}, {"model": "API.language", "pk": 12, "fields": {"language": "Japanese"}}, {"model": "API.language", "pk": 13, "fields": {"language": "Korean"}}, {"model": "API.language", "pk": 14, "fields": {"language": "Norwegian"}}, {"model": "API.language", "pk": 15, "fields": {"language": "Polish"}}, {"model": "API.language", "pk": 16, "fields": {"language": "Portuguese"}}, {"model": "API.language", "pk": 17, "fields": {"language": "Portuguese - Brazil"}}, {"model": "API.language", "pk": 18, "fields": {"language": "Romanian"}}, {"model": "API.language", "pk": 19, "fields": {"language": "Russian"}}, {"model": "API.language", "pk": 20, "fields": {"language": "Simplified Chinese"}}, {"model": "API.language", "pk": 21, "fields": {"language": "Spanish - Spain"}}, {"model": "API.language", "pk": 22, "fields": {"language": "Swedish"}}, {"model": "API.language", "pk": 23, "fields": {"language": "Thai"}}, {"model": "API.language", "pk": 24, "fields": {"language": "Traditional Chinese"}}, {"model": "API.language", "pk": 25, "fields": {"language": "Turkish"}}, {"model": "API.language", "pk": 26, "fields": {"language": "Ukrainian"}}, {"model": "API.language", "pk": 27, "fields": {"language": "Arabic"}}, {"model": "API.genre", "pk": 1, "fields": {"genre": "Action"}}, {"model": "API.genre", "pk": 2, "fields": {"genre": "Free to Play"}}, {"model": "API.genre", "pk": 3, "fields": {"genre": "Strategy"}}, {"model": "API.genre", "pk": 4, "fields": {"genre": "Adventure"}}, {"model": "API.genre", "pk": 5, "fields": {"genre": "Massively Multiplayer"}}, {"model": "API.genre", "pk": 6, "fields": {"genre": "Casual"}}, {"model": "API.genre", "pk": 7, "fields": {"genre": "Indie"}}, {"model": "API.game", "pk": 1, "fields": {"name": "Dota 2", "release_date": "2013-07-09T00:00:00Z", "main_image": "https://steamcdn-a.akamaihd.net/steam/apps/570/header.jpg?t=1541701921", "r_average": 83, "g_average": 82, "b_average": 74, "languages_game": [1, 2, 3, 4, 5, 6, 7, 8, 9, 10, 11, 12, 13, 14, 15, 16, 17, 18, 19, 20, 21, 22, 23, 24, 25, 26], "genres": [1, 2, 3]}}, {"model": "API.game", "pk": 2, "fields": {"name": "PLAYERUNKNOWN'S BATTLEGROUNDS", "release_date": "2017-12-21T00:00:00Z", "main_image": "https://steamcdn-a.akamaihd.net/steam/apps/578080/header.jpg?t=1539300944", "r_average": 95, "g_average": 99, "b_average": 95, "languages_game": [5, 7, 8, 11, 12, 13, 15, 16, 17, 19, 20, 21, 23, 24, 25, 26, 27], "genres": [1, 4, 5]}}, {"model": "API.game", "pk": 3, "fields": {"name": "Counter-Strike: Global Offensive", "release_date": "2012-08-21T00:00:00Z", "main_image": "https://steamcdn-a.akamaihd.net/steam/apps/730/header.jpg?t=1540300672", "r_average": 107, "g_average": 103, "b_average": 90, "languages_game": [1, 2, 3, 4, 5, 6, 7, 8, 10, 11, 12, 13, 14, 15, 16, 17, 18, 19, 20, 21, 22, 23, 24, 25, 26], "genres": [1]}}, {"model": "API.game", "pk": 4, "fields": {"name": "Team Fortress 2", "release_date": "2007-10-10T00:00:00Z", "main_image": "https://steamcdn-a.akamaihd.net/steam/apps/440/header.jpg?t=1539304875", "r_average": 96, "g_average": 83, "b_average": 72, "languages_game": [1, 2, 3, 4, 5, 6, 7, 8, 9, 10, 11, 12, 13, 14, 15, 16, 17, 18, 19, 20, 21, 22, 23, 24, 25, 26], "genres": [1, 2]}}, {"model": "API.game", "pk": 5, "fields": {"name": "Unturned", "release_date": "2017-07-07T00:00:00Z", "main_image": "https://steamcdn-a.akamaihd.net/steam/apps/304930/header.jpg?t=1540101174", "r_average": 100, "g_average": 93, "b_average": 83, "languages_game": [5], "genres": [1, 2, 4, 6, 7]}}, {"model": "API.game", "pk": 6, "fields": {"name": "Warframe", "release_date": "2013-03-25T00:00:00Z", "main_image": "https://steamcdn-a.akamaihd.net/steam/apps/230410/header.jpg?t=1541716481", "r_average": 81, "g_average": 89, "b_average": 89, "languages_game": [5, 7, 8, 11, 12, 13, 15, 17, 19, 20, 21, 24, 25, 26], "genres": [1, 2]}}, {"model": "API.infoyoutube", "pk": 1, "fields": {"game": 1, "count_videos": 1, "count_views": 2616948, "count_likes": 5567, "count_dislikes": 1112, "count_comments": 4154, "date": "2018-11-12T17:05:16.823Z"}}, {"model": "API.infoyoutube", "pk": 2, "fields": {"game": 2, "count_videos": 2, "count_views": 37933, "count_likes": 2859, "count_dislikes": 39, "count_comments": 126, "date": "2018-11-12T17:05:17.410Z"}}, {"model": "API.infoyoutube", "pk": 3, "fields": {"game": 3, "count_videos": 2, "count_views": 1380561, "count_likes": 7842, "count_dislikes": 724, "count_comments": 721, "date": "2018-11-12T17:05:18.068Z"}}, {"model": "API.infoyoutube", "pk": 4, "fields": {"game": 4, "count_videos": 2, "count_views": 2209516, "count_likes": 12113, "count_dislikes": 822, "count_comments": 1664, "date": "2018-11-12T17:05:18.736Z"}}, {"model": "API.infoyoutube", "pk": 5, "fields": {"game": 5, "count_videos": 2, "count_views": 280444, "count_likes": 4476, "count_dislikes": 120, "count_comments": 723, "date": "2018-11-12T17:05:19.304Z"}}, {"model": "API.infoyoutube", "pk": 6, "fields": {"game": 6, "count_videos": 2, "count_views": 6356, "count_likes": 86, "count_dislikes": 3, "count_comments": 14, "date": "2018-11-12T17:05:19.888Z"}}, {"model": "API.infosteam", "pk": 1, "fields": {"game": 1, "positive_reviews_steam": 813499, "negative_reviews_steam": 127809, "owners": 150000000, "average_forever": 27420, "average_2weeks": 1581, "price": 0, "date": "2018-11-12T17:05:16.826Z"}}, {"model": "API.infosteam", "pk": 2, "fields": {"game": 2, "positive_reviews_steam": 450179, "negative_reviews_steam": 449492, "owners": 75000000, "average_forever": 19966, "average_2weeks": 763, "price": 2999, "date": "2018-11-12T17:05:17.414Z"}}, {"model": "API.infosteam", "pk": 3, "fields": {"game": 3, "positive_reviews_steam": 2428219, "negative_reviews_steam": 313105, "owners": 35000000, "average_forever": 33587, "average_2weeks": 990, "price": 1499, "date": "2018-11-12T17:05:18.072Z"}}, {"model": "API.infosteam", "pk": 4, "fields": {"game": 4, "positive_reviews_steam": 494489, "negative_reviews_steam": 32813, "owners": 35000000, "average_forever": 9499, "average_2weeks": 1111, "price": 0, "date": "2018-11-12T17:05:18.739Z"}}, {"model": "API.infosteam", "pk": 5, "fields": {"game": 5, "positive_reviews_steam": 286091, "negative_reviews_steam": 30365, "owners": 35000000, "average_forever": 3018, "average_2weeks": 619, "price": 0, "date": "2018-11-12T17:05:19.308Z"}}, {"model": "API.infosteam", "pk": 6, "fields": {"game": 6, "positive_reviews_steam": 187565, "negative_reviews_steam": 17779, "owners": 35000000, "average_forever": 6330, "average_2weeks": 887, "price": 0, "date": "2018-11-12T17:05:19.892Z"}}, {"model": "API.infotwitch", "pk": 1, "fields": {"game": 1, "viewer_count": 18782, "date": "2018-11-12T17:05:16.830Z"}}, {"model": "API.infotwitch", "pk": 2, "fields": {"game": 2, "viewer_count": 8599, "date": "2018-11-12T17:05:17.418Z"}}, {"model": "API.infotwitch", "pk": 3, "fields": {"game": 3, "viewer_count": 5540, "date": "2018-11-12T17:05:18.076Z"}}, {"model": "API.infotwitch", "pk": 4, "fields": {"game": 4, "viewer_count": 123, "date": "2018-11-12T17:05:18.742Z"}}, {"model": "API.infotwitch", "pk": 5, "fields": {"game": 5, "viewer_count": 9, "date": "2018-11-12T17:05:19.311Z"}}, {"model": "API.infotwitch", "pk": 6, "fields": {"game": 6, "viewer_count": 38072, "date": "2018-11-12T17:05:19.895Z"}}, {"model": "API.twitchstream", "pk": 1, "fields": {"game": 1, "language_stream": "ru", "started_at": "2018-11-12T15:15:43Z", "type": "live", "stream_view_count": 10138, "date": "2018-11-12T17:05:16.834Z"}}, {"model": "API.twitchstream", "pk": 2, "fields": {"game": 1, "language_stream": "ru", "started_at": "2018-11-12T12:24:57Z", "type": "live", "stream_view_count": 8644, "date": "2018-11-12T17:05:16.837Z"}}, {"model": "API.twitchstream", "pk": 3, "fields": {"game": 2, "language_stream": "th", "started_at": "2018-11-12T12:55:34Z", "type": "live", "stream_view_count": 4521, "date": "2018-11-12T17:05:17.422Z"}}, {"model": "API.twitchstream", "pk": 4, "fields": {"game": 2, "language_stream": "tr", "started_at": "2018-11-12T15:35:32Z", "type": "live", "stream_view_count": 4078, "date": "2018-11-12T17:05:17.426Z"}}, {"model": "API.twitchstream", "pk": 5, "fields": {"game": 3, "language_stream": "en", "started_at": "2018-11-12T14:49:56Z", "type": "live", "stream_view_count": 3239, "date": "2018-11-12T17:05:18.080Z"}}, {"model": "API.twitchstream", "pk": 6, "fields": {"game": 3, "language_stream": "en", "started_at": "2018-11-11T23:40:12Z", "type": "live", "stream_view_count": 2301, "date": "2018-11-12T17:05:18.084Z"}}, {"model": "API.twitchstream", "pk": 7, "fields": {"game": 4, "language_stream": "en", "started_at": "2018-11-12T16:03:36Z", "type": "live", "stream_view_count": 68, "date": "2018-11-12T17:05:18.746Z"}}, {"model": "API.twitchstream", "pk": 8, "fields": {"game": 4, "language_stream": "pl", "started_at": "2018-11-12T15:40:49Z", "type": "live", "stream_view_count": 55, "date": "2018-11-12T17:05:18.749Z"}}, {"model": "API.twitchstream", "pk": 9, "fields": {"game": 5, "language_stream": "en", "started_at": "2018-11-12T16:27:22Z", "type": "live", "stream_view_count": 5, "date": "2018-11-12T17:05:19.315Z"}}, {"model": "API.twitchstream", "pk": 10, "fields": {"game": 5, "language_stream": "sv", "started_at": "2018-11-12T14:38:08Z", "type": "live", "stream_view_count": 4, "date": "2018-11-12T17:05:19.318Z"}}, {"model": "API.twitchstream", "pk": 11, "fields": {"game": 6, "language_stream": "en", "started_at": "2018-11-12T02:09:07Z", "type": "live", "stream_view_count": 19851, "date": "2018-11-12T17:05:19.898Z"}}, {"model": "API.twitchstream", "pk": 12, "fields": {"game": 6, "language_stream": "en", "started_at": "2018-11-12T09:11:01Z", "type": "live", "stream_view_count": 18221, "date": "2018-11-12T17:05:19.901Z"}}, {"model": "API.screenshot", "pk": 1, "fields": {"game": 1, "url": "https://steamcdn-a.akamaihd.net/steam/apps/570/ss_86d675fdc73ba10462abb8f5ece7791c5047072c.600x338.jpg?t=1541701921"}}, {"model": "API.screenshot", "pk": 2, "fields": {"game": 1, "url": "https://steamcdn-a.akamaihd.net/steam/apps/570/ss_ad8eee787704745ccdecdfde3a5cd2733704898d.600x338.jpg?t=1541701921"}}, {"model": "API.screenshot", "pk": 3, "fields": {"game": 1, "url": "https://steamcdn-a.akamaihd.net/steam/apps/570/ss_7ab506679d42bfc0c0e40639887176494e0466d9.600x338.jpg?t=1541701921"}}, {"model": "API.screenshot", "pk": 4, "fields": {"game": 1, "url": "https://steamcdn-a.akamaihd.net/steam/apps/570/ss_c9118375a2400278590f29a3537769c986ef6e39.600x338.jpg?t=1541701921"}}, {"model": "API.screenshot", "pk": 5, "fields": {"game": 1, "url": "https://steamcdn-a.akamaihd.net/steam/apps/570/ss_f9ebafedaf2d5cfb80ef1f74baa18eb08cad6494.600x338.jpg?t=1541701921"}}, {"model": "API.screenshot", "pk": 6, "fields": {"game": 1, "url": "https://steamcdn-a.akamaihd.net/steam/apps/570/ss_27b6345f22243bd6b885cc64c5cda74e4bd9c3e8.600x338.jpg?t=1541701921"}}, {"model": "API.screenshot", "pk": 7, "fields": {"game": 1, "url": "https://steamcdn-a.akamaihd.net/steam/apps/570/ss_b33a65678dc71cc98df4890e22a89601ee56a918.600x338.jpg?t=1541701921"}}, {"model": "API.screenshot", "pk": 8, "fields": {"game": 1, "url": "https://steamcdn-a.akamaihd.net/steam/apps/570/ss_d0f973ce376ca5b6c08e081cb035e86ced105fa9.600x338.jpg?t=1541701921"}}, {"model": "API.screenshot", "pk": 9, "fields": {"game": 1, "url": "https://steamcdn-a.akamaihd.net/steam/apps/570/ss_1f3b5f5ccf8b159294914c3fe028128a787304b6.600x338.jpg?t=1541701921"}}, {"model": "API.screenshot", "pk": 10, "fields": {"game": 1, "url": "https://steamcdn-a.akamaihd.net/steam/apps/570/ss_e0a92f15a6631a8186df79182d0fe28b5e37d8cb.600x338.jpg?t=1541701921"}}, {"model": "API.screenshot", "pk": 11, "fields": {"game": 2, "url": "https://steamcdn-a.akamaihd.net/steam/apps/578080/ss_23af2e59855a833c22d0c11ca23a719f54a554ff.600x338.jpg?t=1539300944"}}, {"model": "API.screenshot", "pk": 12, "fields": {"game": 2, "url": "https://steamcdn-a.akamaihd.net/steam/apps/578080/ss_2c79b3b590b186b10bf082d37674621f204a3497.600x338.jpg?t=1539300944"}}, {"model": "API.screenshot", "pk": 13, "fields": {"game": 2, "url": "https://steamcdn-a.akamaihd.net/steam/apps/578080/ss_e7e79847eff0933de92192bb62b8bc7068d611da.600x338.jpg?t=1539300944"}}, {"model": "API.screenshot", "pk": 14, "fields": {"game": 2, "url": "https://steamcdn-a.akamaihd.net/steam/apps/578080/ss_a3f3f8894f4a4eb4d17d7e41c8e1f195f37ba896.600x338.jpg?t=1539300944"}}, {"model": "API.screenshot", "pk": 15, "fields": {"game": 2, "url": "https://steamcdn-a.akamaihd.net/steam/apps/578080/ss_108e2981889423b057b778cd07ae25ac18406cf1.600x338.jpg?t=1539300944"}}, {"model": "API.screenshot", "pk": 16, "fields": {"game": 2, "url": "https://steamcdn-a.akamaihd.net/steam/apps/578080/ss_2aa1de6f978ae9eb6dbe8fcf061395677c0460ab.600x338.jpg?t=1539300944"}}, {"model": "API.screenshot", "pk": 17, "fields": {"game": 2, "url": "https://steamcdn-a.akamaihd.net/steam/apps/578080/ss_a403a1f4071d36d42bea7a505089b56b570b2569.600x338.jpg?t=1539300944"}}, {"model": "API.screenshot", "pk": 18, "fields": {"game": 2, "url": "https://steamcdn-a.akamaihd.net/steam/apps/578080/ss_109d7072cf85f5b3b1e3dacadf3009718db451c4.600x338.jpg?t=1539300944"}}, {"model": "API.screenshot", "pk": 19, "fields": {"game": 2, "url": "https://steamcdn-a.akamaihd.net/steam/apps/578080/ss_4bbcaeac1ef977d962c60c1a5e4675cdd81de564.600x338.jpg?t=1539300944"}}, {"model": "API.screenshot", "pk": 20, "fields": {"game": 2, "url": "https://steamcdn-a.akamaihd.net/steam/apps/578080/ss_8112cd376568d9470c2edde841908fcdf46f1529.600x338.jpg?t=1539300944"}}, {"model": "API.screenshot", "pk": 21, "fields": {"game": 2, "url": "https://steamcdn-a.akamaihd.net/steam/apps/578080/ss_c4ac13f9030cc049353605840302f9090ee73106.600x338.jpg?t=1539300944"}}, {"model": "API.screenshot", "pk": 22, "fields": {"game": 2, "url": "https://steamcdn-a.akamaihd.net/steam/apps/578080/ss_88a8dff0756673179e190c2e16d090de63ecfb2e.600x338.jpg?t=1539300944"}}, {"model": "API.screenshot", "pk": 23, "fields": {"game": 2, "url": "https://steamcdn-a.akamaihd.net/steam/apps/578080/ss_f98ff7b48c80541cfe27399285013159707c8c5c.600x338.jpg?t=1539300944"}}, {"model": "API.screenshot", "pk": 24, "fields": {"game": 2, "url": "https://steamcdn-a.akamaihd.net/steam/apps/578080/ss_29d0709711f3204e84b6f9d69f3be163ebe12486.600x338.jpg?t=1539300944"}}, {"model": "API.screenshot", "pk": 25, "fields": {"game": 3, "url": "https://steamcdn-a.akamaihd.net/steam/apps/730/ss_34090867f1a02b6c17652ba9043e3f622ed985a9.600x338.jpg?t=1540300672"}}, {"model": "API.screenshot", "pk": 26, "fields": {"game": 3, "url": "https://steamcdn-a.akamaihd.net/steam/apps/730/ss_1d30c9a215fd621e2fd74f40d93b71587bf6409c.600x338.jpg?t=1540300672"}}, {"model": "API.screenshot", "pk": 27, "fields": {"game": 3, "url": "https://steamcdn-a.akamaihd.net/steam/apps/730/ss_baa02e979cd3852e3c4182afcd603ab64e3502f9.600x338.jpg?t=1540300672"}}, {"model": "API.screenshot", "pk": 28, "fields": {"game": 3, "url": "https://steamcdn-a.akamaihd.net/steam/apps/730/ss_ffe584c163a2b16e9c1b733b1c8e2ba669fb1204.600x338.jpg?t=1540300672"}}, {"model": "API.screenshot", "pk": 29, "fields": {"game": 3, "url": "https://steamcdn-a.akamaihd.net/steam/apps/730/ss_d87c102d028d545c877363166c9d8377014f0c23.600x338.jpg?t=1540300672"}}, {"model": "API.screenshot", "pk": 30, "fields": {"game": 3, "url": "https://steamcdn-a.akamaihd.net/steam/apps/730/ss_9d0735a5fbe523fd39f2c69c047019843c326cea.600x338.jpg?t=1540300672"}}, {"model": "API.screenshot", "pk": 31, "fields": {"game": 3, "url": "https://steamcdn-a.akamaihd.net/steam/apps/730/ss_9d889bec419cf38910ccf72dd80f9260227408ee.600x338.jpg?t=1540300672"}}, {"model": "API.screenshot", "pk": 32, "fields": {"game": 3, "url": "https://steamcdn-a.akamaihd.net/steam/apps/730/ss_ccc4ce6edd4c454b6ce7b0757e633b63aa93921d.600x338.jpg?t=1540300672"}}, {"model": "API.screenshot", "pk": 33, "fields": {"game": 3, "url": "https://steamcdn-a.akamaihd.net/steam/apps/730/ss_9db552fd461722f1569e3292d8f2ea654c8ffdef.600x338.jpg?t=1540300672"}}, {"model": "API.screenshot", "pk": 34, "fields": {"game": 3, "url": "https://steamcdn-a.akamaihd.net/steam/apps/730/ss_74c1a0264ceaf57e5fb51d978205045223b48a18.600x338.jpg?t=1540300672"}}, {"model": "API.screenshot", "pk": 35, "fields": {"game": 3, "url": "https://steamcdn-a.akamaihd.net/steam/apps/730/ss_7eaa83e44f5218a7bf5f88a0c750e36052e31d7d.600x338.jpg?t=1540300672"}}, {"model": "API.screenshot", "pk": 36, "fields": {"game": 3, "url": "https://steamcdn-a.akamaihd.net/steam/apps/730/ss_68007896ad6071b7062bac530c481e097105efc0.600x338.jpg?t=1540300672"}}, {"model": "API.screenshot", "pk": 37, "fields": {"game": 3, "url": "https://steamcdn-a.akamaihd.net/steam/apps/730/ss_2fcee01bace72bc47a2ad0ba82620588239e93df.600x338.jpg?t=1540300672"}}, {"model": "API.screenshot", "pk": 38, "fields": {"game": 3, "url": "https://steamcdn-a.akamaihd.net/steam/apps/730/ss_f5875f8de419a3d5133ae7245b8296db2c027dd8.600x338.jpg?t=1540300672"}}, {"model": "API.screenshot", "pk": 39, "fields": {"game": 3, "url": "https://steamcdn-a.akamaihd.net/steam/apps/730/ss_36f82c71ee2180159b060b155bf3d06dd8167327.600x338.jpg?t=1540300672"}}, {"model": "API.screenshot", "pk": 40, "fields": {"game": 4, "url": "https://steamcdn-a.akamaihd.net/steam/apps/440/ss_ea21f7bbf4f79bada4554df5108d04b6889d3453.600x338.jpg?t=1539304875"}}, {"model": "API.screenshot", "pk": 41, "fields": {"game": 4, "url": "https://steamcdn-a.akamaihd.net/steam/apps/440/ss_e3aedb2ab36bba8cfe611b1e0eaa807e4bb2d742.600x338.jpg?t=1539304875"}}, {"model": "API.screenshot", "pk": 42, "fields": {"game": 4, "url": "https://steamcdn-a.akamaihd.net/steam/apps/440/ss_ee24a769dc1d81dcbd7b250d16530394adee4264.600x338.jpg?t=1539304875"}}, {"model": "API.screenshot", "pk": 43, "fields": {"game": 4, "url": "https://steamcdn-a.akamaihd.net/steam/apps/440/ss_9faaa506d91bf19dbb398e0c06a684b337f85f91.600x338.jpg?t=1539304875"}}, {"model": "API.screenshot", "pk": 44, "fields": {"game": 4, "url": "https://steamcdn-a.akamaihd.net/steam/apps/440/ss_7de978f22a7059151c31d0488dc57c5c7703c48b.600x338.jpg?t=1539304875"}}, {"model": "API.screenshot", "pk": 45, "fields": {"game": 4, "url": "https://steamcdn-a.akamaihd.net/steam/apps/440/ss_e79f2490af3247b4b0f8d412d437b72c321cfe3b.600x338.jpg?t=1539304875"}}, {"model": "API.screenshot", "pk": 46, "fields": {"game": 4, "url": "https://steamcdn-a.akamaihd.net/steam/apps/440/ss_8f28c75172e3d08e65222725202b82f58bfe7df7.600x338.jpg?t=1539304875"}}, {"model": "API.screenshot", "pk": 47, "fields": {"game": 4, "url": "https://steamcdn-a.akamaihd.net/steam/apps/440/0000002574.600x338.jpg?t=1539304875"}}, {"model": "API.screenshot", "pk": 48, "fields": {"game": 4, "url": "https://steamcdn-a.akamaihd.net/steam/apps/440/0000002575.600x338.jpg?t=1539304875"}}, {"model": "API.screenshot", "pk": 49, "fields": {"game": 4, "url": "https://steamcdn-a.akamaihd.net/steam/apps/440/0000002576.600x338.jpg?t=1539304875"}}, {"model": "API.screenshot", "pk": 50, "fields": {"game": 4, "url": "https://steamcdn-a.akamaihd.net/steam/apps/440/0000002577.600x338.jpg?t=1539304875"}}, {"model": "API.screenshot", "pk": 51, "fields": {"game": 4, "url": "https://steamcdn-a.akamaihd.net/steam/apps/440/0000002578.600x338.jpg?t=1539304875"}}, {"model": "API.screenshot", "pk": 52, "fields": {"game": 4, "url": "https://steamcdn-a.akamaihd.net/steam/apps/440/0000002579.600x338.jpg?t=1539304875"}}, {"model": "API.screenshot", "pk": 53, "fields": {"game": 4, "url": "https://steamcdn-a.akamaihd.net/steam/apps/440/0000002580.600x338.jpg?t=1539304875"}}, {"model": "API.screenshot", "pk": 54, "fields": {"game": 4, "url": "https://steamcdn-a.akamaihd.net/steam/apps/440/0000002581.600x338.jpg?t=1539304875"}}, {"model": "API.screenshot", "pk": 55, "fields": {"game": 5, "url": "https://steamcdn-a.akamaihd.net/steam/apps/304930/ss_a2d8ffa4eaff717539c1fd9d3cd0440691c6fc81.600x338.jpg?t=1540101174"}}, {"model": "API.screenshot", "pk": 56, "fields": {"game": 5, "url": "https://steamcdn-a.akamaihd.net/steam/apps/304930/ss_68b4fad77fd55cb2e39673cce03d447c856f74f1.600x338.jpg?t=1540101174"}}, {"model": "API.screenshot", "pk": 57, "fields": {"game": 5, "url": "https://steamcdn-a.akamaihd.net/steam/apps/304930/ss_e7bd3004478e0e4500521be44995488933f70435.600x338.jpg?t=1540101174"}}, {"model": "API.screenshot", "pk": 58, "fields": {"game": 5, "url": "https://steamcdn-a.akamaihd.net/steam/apps/304930/ss_dab75d876be53346a0a5a1fc5e3ae1a4b54ea926.600x338.jpg?t=1540101174"}}, {"model": "API.screenshot", "pk": 59, "fields": {"game": 5, "url": "https://steamcdn-a.akamaihd.net/steam/apps/304930/ss_de07d47b7f81d0f53100398369ac49803d0570bf.600x338.jpg?t=1540101174"}}, {"model": "API.screenshot", "pk": 60, "fields": {"game": 5, "url": "https://steamcdn-a.akamaihd.net/steam/apps/304930/ss_c5853bdc47a4d84fc1f3e419be99bed787979725.600x338.jpg?t=1540101174"}}, {"model": "API.screenshot", "pk": 61, "fields": {"game": 5, "url": "https://steamcdn-a.akamaihd.net/steam/apps/304930/ss_b1cf12ba306180da433dcf199f6f4a2fa74e48bd.600x338.jpg?t=1540101174"}}, {"model": "API.screenshot", "pk": 62, "fields": {"game": 5, "url": "https://steamcdn-a.akamaihd.net/steam/apps/304930/ss_f634649eb2a50b49bc98f7cc27314b671c8cbff5.600x338.jpg?t=1540101174"}}, {"model": "API.screenshot", "pk": 63, "fields": {"game": 5, "url": "https://steamcdn-a.akamaihd.net/steam/apps/304930/ss_b4c970fade045cdb787b7dffb59928d6bd91d156.600x338.jpg?t=1540101174"}}, {"model": "API.screenshot", "pk": 64, "fields": {"game": 5, "url": "https://steamcdn-a.akamaihd.net/steam/apps/304930/ss_c45658331fd2c4b6a8e09b50bbadcc91c5801b36.600x338.jpg?t=1540101174"}}, {"model": "API.screenshot", "pk": 65, "fields": {"game": 5, "url": "https://steamcdn-a.akamaihd.net/steam/apps/304930/ss_89f92e7881cddaaf787a42c47ba7d666c01158f8.600x338.jpg?t=1540101174"}}, {"model": "API.screenshot", "pk": 66, "fields": {"game": 5, "url": "https://steamcdn-a.akamaihd.net/steam/apps/304930/ss_2754a9cdb632e6ed242799e073711fe6306a4245.600x338.jpg?t=1540101174"}}, {"model": "API.screenshot", "pk": 67, "fields": {"game": 5, "url": "https://steamcdn-a.akamaihd.net/steam/apps/304930/ss_db70f87c3635d930580b1365101952a72a14bd4e.600x338.jpg?t=1540101174"}}, {"model": "API.screenshot", "pk": 68, "fields": {"game": 5, "url": "https://steamcdn-a.akamaihd.net/steam/apps/304930/ss_e9b5d9c8b1afc2aabd3e33ac9407a09bd9bffccb.600x338.jpg?t=1540101174"}}, {"model": "API.screenshot", "pk": 69, "fields": {"game": 5, "url": "https://steamcdn-a.akamaihd.net/steam/apps/304930/ss_c3fb354648a11a009b4c31d4a4760b72f507335f.600x338.jpg?t=1540101174"}}, {"model": "API.screenshot", "pk": 70, "fields": {"game": 5, "url": "https://steamcdn-a.akamaihd.net/steam/apps/304930/ss_e3e31ca656cbe3b2d186e6644588bee9fe59f1df.600x338.jpg?t=1540101174"}}, {"model": "API.screenshot", "pk": 71, "fields": {"game": 5, "url": "https://steamcdn-a.akamaihd.net/steam/apps/304930/ss_6daaf570bf9b57647e44349a7f36e1f74064ca82.600x338.jpg?t=1540101174"}}, {"model": "API.screenshot", "pk": 72, "fields": {"game": 5, "url": "https://steamcdn-a.akamaihd.net/steam/apps/304930/ss_799d99c41ab6a6dc40016e538b2489a282c5071b.600x338.jpg?t=1540101174"}}, {"model": "API.screenshot", "pk": 73, "fields": {"game": 5, "url": "https://steamcdn-a.akamaihd.net/steam/apps/304930/ss_fad158e25f5a25946eb5d235a9bd8a2ad32f28f9.600x338.jpg?t=1540101174"}}, {"model": "API.screenshot", "pk": 74, "fields": {"game": 5, "url": "https://steamcdn-a.akamaihd.net/steam/apps/304930/ss_9fff298f6c9f4e01581dd04e9d7c9743af53a737.600x338.jpg?t=1540101174"}}, {"model": "API.screenshot", "pk": 75, "fields": {"game": 6, "url": "https://steamcdn-a.akamaihd.net/steam/apps/230410/ss_ead77e7b45f8dcfcf54d7a061745e7c99383bfc3.600x338.jpg?t=1541716481"}}, {"model": "API.screenshot", "pk": 76, "fields": {"game": 6, "url": "https://steamcdn-a.akamaihd.net/steam/apps/230410/ss_2d79448091149a8cc790b62e7422615a011d015a.600x338.jpg?t=1541716481"}}, {"model": "API.screenshot", "pk": 77, "fields": {"game": 6, "url": "https://steamcdn-a.akamaihd.net/steam/apps/230410/ss_a0bbf96bf2f5498f5625bdf67a28493365cf6d72.600x338.jpg?t=1541716481"}}, {"model": "API.screenshot", "pk": 78, "fields": {"game": 6, "url": "https://steamcdn-a.akamaihd.net/steam/apps/230410/ss_1a353df5ca981d9aea85571fc2e2e2e1193b78f6.600x338.jpg?t=1541716481"}}, {"model": "API.screenshot", "pk": 79, "fields": {"game": 6, "url": "https://steamcdn-a.akamaihd.net/steam/apps/230410/ss_3708c72116bdf5e9e306c1a9857c3f257b1011f5.600x338.jpg?t=1541716481"}}, {"model": "API.screenshot", "pk": 80, "fields": {"game": 6, "url": "https://steamcdn-a.akamaihd.net/steam/apps/230410/ss_bdfbc36be7556f8a21773170b1663b31c53a46e4.600x338.jpg?t=1541716481"}}, {"model": "API.screenshot", "pk": 81, "fields": {"game": 6, "url": "https://steamcdn-a.akamaihd.net/steam/apps/230410/ss_4209a9b052ef07e0813ea5285524b300bf8e50d8.600x338.jpg?t=1541716481"}}, {"model": "API.screenshot", "pk": 82, "fields": {"game": 6, "url": "https://steamcdn-a.akamaihd.net/steam/apps/230410/ss_30bb11e8b435a0a966bcbce1707ea55e4cbb19a2.600x338.jpg?t=1541716481"}}, {"model": "API.screenshot", "pk": 83, "fields": {"game": 6, "url": "https://steamcdn-a.akamaihd.net/steam/apps/230410/ss_86cc27d912afc0a2cd9a1f1d8f564a0f91fde6a6.600x338.jpg?t=1541716481"}}, {"model": "API.screenshot", "pk": 84, "fields": {"game": 6, "url": "https://steamcdn-a.akamaihd.net/steam/apps/230410/ss_53a73e9b1829372455819287fe7694bf22df02e4.600x338.jpg?t=1541716481"}}, {"model": "API.screenshot", "pk": 85, "fields": {"game": 6, "url": "https://steamcdn-a.akamaihd.net/steam/apps/230410/ss_4dff21f198e04499b54cc1a22063e4ca2c9f8dc9.600x338.jpg?t=1541716481"}}, {"model": "API.screenshot", "pk": 86, "fields": {"game": 6, "url": "https://steamcdn-a.akamaihd.net/steam/apps/230410/ss_a3bddbc994e6b3ca465ffb0e8c38bdb0525ca7d2.600x338.jpg?t=1541716481"}}, {"model": "API.screenshot", "pk": 87, "fields": {"game": 6, "url": "https://steamcdn-a.akamaihd.net/steam/apps/230410/ss_7e5cfbb9b7c9ea7a34fab906d1e507de0a8fd75b.600x338.jpg?t=1541716481"}}, {"model": "API.screenshot", "pk": 88, "fields": {"game": 6, "url": "https://steamcdn-a.akamaihd.net/steam/apps/230410/ss_797d87520a8211d2a27eace5f60eb42cd3ac6d77.600x338.jpg?t=1541716481"}}, {"model": "API.screenshot", "pk": 89, "fields": {"game": 6, "url": "https://steamcdn-a.akamaihd.net/steam/apps/230410/ss_84a365a8144b53cc0d6f1582edfead7e50c2ee9d.600x338.jpg?t=1541716481"}}, {"model": "API.palette", "pk": 1, "fields": {"screenshot": 1, "r": 138, "g": 166, "b": 82, "hex": "#8aa652"}}, {"model": "API.palette", "pk": 2, "fields": {"screenshot": 1, "r": 94, "g": 112, "b": 77, "hex": "#5e704d"}}, {"model": "API.palette", "pk": 3, "fields": {"screenshot": 1, "r": 72, "g": 68, "b": 84, "hex": "#484454"}}, {"model": "API.palette", "pk": 4, "fields": {"screenshot": 1, "r": 181, "g": 180, "b": 154, "hex": "#b5b49a"}}, {"model": "API.palette", "pk": 5, "fields": {"screenshot": 1, "r": 59, "g": 66, "b": 51, "hex": "#3b4233"}}, {"model": "API.palette", "pk": 6, "fields": {"screenshot": 2, "r": 121, "g": 94, "b": 109, "hex": "#795e6d"}}, {"model": "API.palette", "pk": 7, "fields": {"screenshot": 2, "r": 133, "g": 97, "b": 92, "hex": "#85615c"}}, {"model": "API.palette", "pk": 8, "fields": {"screenshot": 2, "r": 90, "g": 64, "b": 65, "hex": "#5a4041"}}, {"model": "API.palette", "pk": 9, "fields": {"screenshot": 2, "r": 90, "g": 52, "b": 42, "hex": "#5a342a"}}, {"model": "API.palette", "pk": 10, "fields": {"screenshot": 2, "r": 37, "g": 26, "b": 159, "hex": "#251a9f"}}, {"model": "API.palette", "pk": 11, "fields": {"screenshot": 3, "r": 55, "g": 60, "b": 64, "hex": "#373c40"}}, {"model": "API.palette", "pk": 12, "fields": {"screenshot": 3, "r": 97, "g": 87, "b": 79, "hex": "#61574f"}}, {"model": "API.palette", "pk": 13, "fields": {"screenshot": 3, "r": 19, "g": 26, "b": 32, "hex": "#131a20"}}, {"model": "API.palette", "pk": 14, "fields": {"screenshot": 3, "r": 52, "g": 38, "b": 41, "hex": "#342629"}}, {"model": "API.palette", "pk": 15, "fields": {"screenshot": 3, "r": 41, "g": 40, "b": 36, "hex": "#292824"}}, {"model": "API.palette", "pk": 16, "fields": {"screenshot": 4, "r": 163, "g": 144, "b": 89, "hex": "#a39059"}}, {"model": "API.palette", "pk": 17, "fields": {"screenshot": 4, "r": 62, "g": 78, "b": 56, "hex": "#3e4e38"}}, {"model": "API.palette", "pk": 18, "fields": {"screenshot": 4, "r": 49, "g": 54, "b": 55, "hex": "#313637"}}, {"model": "API.palette", "pk": 19, "fields": {"screenshot": 4, "r": 114, "g": 134, "b": 53, "hex": "#728635"}}, {"model": "API.palette", "pk": 20, "fields": {"screenshot": 4, "r": 18, "g": 28, "b": 33, "hex": "#121c21"}}, {"model": "API.palette", "pk": 21, "fields": {"screenshot": 5, "r": 116, "g": 140, "b": 81, "hex": "#748c51"}}, {"model": "API.palette", "pk": 22, "fields": {"screenshot": 5, "r": 29, "g": 41, "b": 45, "hex": "#1d292d"}}, {"model": "API.palette", "pk": 23, "fields": {"screenshot": 5, "r": 77, "g": 77, "b": 72, "hex": "#4d4d48"}}, {"model": "API.palette", "pk": 24, "fields": {"screenshot": 5, "r": 153, "g": 150, "b": 120, "hex": "#999678"}}, {"model": "API.palette", "pk": 25, "fields": {"screenshot": 5, "r": 73, "g": 94, "b": 107, "hex": "#495e6b"}}, {"model": "API.palette", "pk": 26, "fields": {"screenshot": 6, "r": 48, "g": 66, "b": 76, "hex": "#30424c"}}, {"model": "API.palette", "pk": 27, "fields": {"screenshot": 6, "r": 42, "g": 45, "b": 42, "hex": "#2a2d2a"}}, {"model": "API.palette", "pk": 28, "fields": {"screenshot": 6, "r": 25, "g": 36, "b": 47, "hex": "#19242f"}}, {"model": "API.palette", "pk": 29, "fields": {"screenshot": 6, "r": 128, "g": 140, "b": 134, "hex": "#808c86"}}, {"model": "API.palette", "pk": 30, "fields": {"screenshot": 6, "r": 73, "g": 66, "b": 57, "hex": "#494239"}}, {"model": "API.palette", "pk": 31, "fields": {"screenshot": 7, "r": 65, "g": 51, "b": 79, "hex": "#41334f"}}, {"model": "API.palette", "pk": 32, "fields": {"screenshot": 7, "r": 130, "g": 126, "b": 104, "hex": "#827e68"}}, {"model": "API.palette", "pk": 33, "fields": {"screenshot": 7, "r": 159, "g": 146, "b": 148, "hex": "#9f9294"}}, {"model": "API.palette", "pk": 34, "fields": {"screenshot": 7, "r": 37, "g": 35, "b": 31, "hex": "#25231f"}}, {"model": "API.palette", "pk": 35, "fields": {"screenshot": 7, "r": 147, "g": 121, "b": 98, "hex": "#937962"}}, {"model": "API.palette", "pk": 36, "fields": {"screenshot": 8, "r": 31, "g": 46, "b": 53, "hex": "#1f2e35"}}, {"model": "API.palette", "pk": 37, "fields": {"screenshot": 8, "r": 175, "g": 158, "b": 122, "hex": "#af9e7a"}}, {"model": "API.palette", "pk": 38, "fields": {"screenshot": 8, "r": 78, "g": 96, "b": 81, "hex": "#4e6051"}}, {"model": "API.palette", "pk": 39, "fields": {"screenshot": 8, "r": 110, "g": 128, "b": 57, "hex": "#6e8039"}}, {"model": "API.palette", "pk": 40, "fields": {"screenshot": 8, "r": 67, "g": 65, "b": 62, "hex": "#43413e"}}, {"model": "API.palette", "pk": 41, "fields": {"screenshot": 9, "r": 45, "g": 53, "b": 61, "hex": "#2d353d"}}, {"model": "API.palette", "pk": 42, "fields": {"screenshot": 9, "r": 29, "g": 29, "b": 27, "hex": "#1d1d1b"}}, {"model": "API.palette", "pk": 43, "fields": {"screenshot": 9, "r": 75, "g": 96, "b": 104, "hex": "#4b6068"}}, {"model": "API.palette", "pk": 44, "fields": {"screenshot": 9, "r": 133, "g": 84, "b": 40, "hex": "#855428"}}, {"model": "API.palette", "pk": 45, "fields": {"screenshot": 9, "r": 49, "g": 28, "b": 16, "hex": "#311c10"}}, {"model": "API.palette", "pk": 46, "fields": {"screenshot": 10, "r": 32, "g": 36, "b": 41, "hex": "#202429"}}, {"model": "API.palette", "pk": 47, "fields": {"screenshot": 10, "r": 54, "g": 65, "b": 75, "hex": "#36414b"}}, {"model": "API.palette", "pk": 48, "fields": {"screenshot": 10, "r": 46, "g": 30, "b": 31, "hex": "#2e1e1f"}}, {"model": "API.palette", "pk": 49, "fields": {"screenshot": 10, "r": 157, "g": 166, "b": 166, "hex": "#9da6a6"}}, {"model": "API.palette", "pk": 50, "fields": {"screenshot": 10, "r": 129, "g": 91, "b": 83, "hex": "#815b53"}}, {"model": "API.palette", "pk": 51, "fields": {"screenshot": 11, "r": 118, "g": 126, "b": 129, "hex": "#767e81"}}, {"model": "API.palette", "pk": 52, "fields": {"screenshot": 11, "r": 178, "g": 161, "b": 131, "hex": "#b2a183"}}, {"model": "API.palette", "pk": 53, "fields": {"screenshot": 11, "r": 50, "g": 56, "b": 59, "hex": "#32383b"}}, {"model": "API.palette", "pk": 54, "fields": {"screenshot": 11, "r": 148, "g": 138, "b": 127, "hex": "#948a7f"}}, {"model": "API.palette", "pk": 55, "fields": {"screenshot": 11, "r": 18, "g": 29, "b": 34, "hex": "#121d22"}}, {"model": "API.palette", "pk": 56, "fields": {"screenshot": 12, "r": 81, "g": 92, "b": 80, "hex": "#515c50"}}, {"model": "API.palette", "pk": 57, "fields": {"screenshot": 12, "r": 36, "g": 47, "b": 45, "hex": "#242f2d"}}, {"model": "API.palette", "pk": 58, "fields": {"screenshot": 12, "r": 44, "g": 47, "b": 26, "hex": "#2c2f1a"}}, {"model": "API.palette", "pk": 59, "fields": {"screenshot": 12, "r": 110, "g": 129, "b": 133, "hex": "#6e8185"}}, {"model": "API.palette", "pk": 60, "fields": {"screenshot": 12, "r": 83, "g": 74, "b": 45, "hex": "#534a2d"}}, {"model": "API.palette", "pk": 61, "fields": {"screenshot": 13, "r": 136, "g": 88, "b": 67, "hex": "#885843"}}, {"model": "API.palette", "pk": 62, "fields": {"screenshot": 13, "r": 132, "g": 184, "b": 221, "hex": "#84b8dd"}}, {"model": "API.palette", "pk": 63, "fields": {"screenshot": 13, "r": 181, "g": 140, "b": 111, "hex": "#b58c6f"}}, {"model": "API.palette", "pk": 64, "fields": {"screenshot": 13, "r": 192, "g": 214, "b": 232, "hex": "#c0d6e8"}}, {"model": "API.palette", "pk": 65, "fields": {"screenshot": 13, "r": 41, "g": 25, "b": 24, "hex": "#291918"}}, {"model": "API.palette", "pk": 66, "fields": {"screenshot": 14, "r": 2, "g": 47, "b": 65, "hex": "#022f41"}}, {"model": "API.palette", "pk": 67, "fields": {"screenshot": 14, "r": 56, "g": 127, "b": 152, "hex": "#387f98"}}, {"model": "API.palette", "pk": 68, "fields": {"screenshot": 14, "r": 3, "g": 84, "b": 105, "hex": "#035469"}}, {"model": "API.palette", "pk": 69, "fields": {"screenshot": 14, "r": 0, "g": 17, "b": 32, "hex": "#001120"}}, {"model": "API.palette", "pk": 70, "fields": {"screenshot": 14, "r": 89, "g": 67, "b": 64, "hex": "#594340"}}, {"model": "API.palette", "pk": 71, "fields": {"screenshot": 15, "r": 159, "g": 127, "b": 101, "hex": "#9f7f65"}}, {"model": "API.palette", "pk": 72, "fields": {"screenshot": 15, "r": 107, "g": 83, "b": 69, "hex": "#6b5345"}}, {"model": "API.palette", "pk": 73, "fields": {"screenshot": 15, "r": 43, "g": 33, "b": 32, "hex": "#2b2120"}}, {"model": "API.palette", "pk": 74, "fields": {"screenshot": 15, "r": 172, "g": 183, "b": 205, "hex": "#acb7cd"}}, {"model": "API.palette", "pk": 75, "fields": {"screenshot": 15, "r": 66, "g": 50, "b": 41, "hex": "#423229"}}, {"model": "API.palette", "pk": 76, "fields": {"screenshot": 16, "r": 183, "g": 220, "b": 239, "hex": "#b7dcef"}}, {"model": "API.palette", "pk": 77, "fields": {"screenshot": 16, "r": 177, "g": 149, "b": 107, "hex": "#b1956b"}}, {"model": "API.palette", "pk": 78, "fields": {"screenshot": 16, "r": 178, "g": 172, "b": 164, "hex": "#b2aca4"}}, {"model": "API.palette", "pk": 79, "fields": {"screenshot": 16, "r": 96, "g": 80, "b": 74, "hex": "#60504a"}}, {"model": "API.palette", "pk": 80, "fields": {"screenshot": 16, "r": 108, "g": 184, "b": 220, "hex": "#6cb8dc"}}, {"model": "API.palette", "pk": 81, "fields": {"screenshot": 17, "r": 152, "g": 117, "b": 88, "hex": "#987558"}}, {"model": "API.palette", "pk": 82, "fields": {"screenshot": 17, "r": 70, "g": 57, "b": 51, "hex": "#463933"}}, {"model": "API.palette", "pk": 83, "fields": {"screenshot": 17, "r": 43, "g": 47, "b": 31, "hex": "#2b2f1f"}}, {"model": "API.palette", "pk": 84, "fields": {"screenshot": 17, "r": 107, "g": 71, "b": 50, "hex": "#6b4732"}}, {"model": "API.palette", "pk": 85, "fields": {"screenshot": 17, "r": 106, "g": 101, "b": 90, "hex": "#6a655a"}}, {"model": "API.palette", "pk": 86, "fields": {"screenshot": 18, "r": 129, "g": 105, "b": 86, "hex": "#816956"}}, {"model": "API.palette", "pk": 87, "fields": {"screenshot": 18, "r": 167, "g": 158, "b": 151, "hex": "#a79e97"}}, {"model": "API.palette", "pk": 88, "fields": {"screenshot": 18, "r": 71, "g": 65, "b": 59, "hex": "#47413b"}}, {"model": "API.palette", "pk": 89, "fields": {"screenshot": 18, "r": 71, "g": 51, "b": 38, "hex": "#473326"}}, {"model": "API.palette", "pk": 90, "fields": {"screenshot": 18, "r": 172, "g": 78, "b": 68, "hex": "#ac4e44"}}, {"model": "API.palette", "pk": 91, "fields": {"screenshot": 19, "r": 177, "g": 185, "b": 190, "hex": "#b1b9be"}}, {"model": "API.palette", "pk": 92, "fields": {"screenshot": 19, "r": 79, "g": 116, "b": 131, "hex": "#4f7483"}}, {"model": "API.palette", "pk": 93, "fields": {"screenshot": 19, "r": 58, "g": 72, "b": 82, "hex": "#3a4852"}}, {"model": "API.palette", "pk": 94, "fields": {"screenshot": 19, "r": 6, "g": 24, "b": 34, "hex": "#061822"}}, {"model": "API.palette", "pk": 95, "fields": {"screenshot": 19, "r": 1, "g": 68, "b": 84, "hex": "#014454"}}, {"model": "API.palette", "pk": 96, "fields": {"screenshot": 20, "r": 96, "g": 160, "b": 191, "hex": "#60a0bf"}}, {"model": "API.palette", "pk": 97, "fields": {"screenshot": 20, "r": 160, "g": 151, "b": 136, "hex": "#a09788"}}, {"model": "API.palette", "pk": 98, "fields": {"screenshot": 20, "r": 44, "g": 37, "b": 37, "hex": "#2c2525"}}, {"model": "API.palette", "pk": 99, "fields": {"screenshot": 20, "r": 115, "g": 84, "b": 64, "hex": "#735440"}}, {"model": "API.palette", "pk": 100, "fields": {"screenshot": 20, "r": 97, "g": 84, "b": 84, "hex": "#615454"}}, {"model": "API.palette", "pk": 101, "fields": {"screenshot": 21, "r": 118, "g": 109, "b": 92, "hex": "#766d5c"}}, {"model": "API.palette", "pk": 102, "fields": {"screenshot": 21, "r": 117, "g": 110, "b": 66, "hex": "#756e42"}}, {"model": "API.palette", "pk": 103, "fields": {"screenshot": 21, "r": 52, "g": 44, "b": 37, "hex": "#342c25"}}, {"model": "API.palette", "pk": 104, "fields": {"screenshot": 21, "r": 64, "g": 65, "b": 42, "hex": "#40412a"}}, {"model": "API.palette", "pk": 105, "fields": {"screenshot": 21, "r": 16, "g": 29, "b": 22, "hex": "#101d16"}}, {"model": "API.palette", "pk": 106, "fields": {"screenshot": 22, "r": 159, "g": 186, "b": 201, "hex": "#9fbac9"}}, {"model": "API.palette", "pk": 107, "fields": {"screenshot": 22, "r": 148, "g": 133, "b": 117, "hex": "#948575"}}, {"model": "API.palette", "pk": 108, "fields": {"screenshot": 22, "r": 42, "g": 131, "b": 164, "hex": "#2a83a4"}}, {"model": "API.palette", "pk": 109, "fields": {"screenshot": 22, "r": 45, "g": 47, "b": 43, "hex": "#2d2f2b"}}, {"model": "API.palette", "pk": 110, "fields": {"screenshot": 22, "r": 66, "g": 53, "b": 48, "hex": "#423530"}}, {"model": "API.palette", "pk": 111, "fields": {"screenshot": 23, "r": 26, "g": 35, "b": 29, "hex": "#1a231d"}}, {"model": "API.palette", "pk": 112, "fields": {"screenshot": 23, "r": 38, "g": 55, "b": 32, "hex": "#263720"}}, {"model": "API.palette", "pk": 113, "fields": {"screenshot": 23, "r": 59, "g": 57, "b": 44, "hex": "#3b392c"}}, {"model": "API.palette", "pk": 114, "fields": {"screenshot": 23, "r": 131, "g": 159, "b": 159, "hex": "#839f9f"}}, {"model": "API.palette", "pk": 115, "fields": {"screenshot": 23, "r": 132, "g": 131, "b": 115, "hex": "#848373"}}, {"model": "API.palette", "pk": 116, "fields": {"screenshot": 24, "r": 159, "g": 130, "b": 99, "hex": "#9f8263"}}, {"model": "API.palette", "pk": 117, "fields": {"screenshot": 24, "r": 99, "g": 163, "b": 194, "hex": "#63a3c2"}}, {"model": "API.palette", "pk": 118, "fields": {"screenshot": 24, "r": 27, "g": 32, "b": 36, "hex": "#1b2024"}}, {"model": "API.palette", "pk": 119, "fields": {"screenshot": 24, "r": 90, "g": 76, "b": 65, "hex": "#5a4c41"}}, {"model": "API.palette", "pk": 120, "fields": {"screenshot": 24, "r": 185, "g": 206, "b": 216, "hex": "#b9ced8"}}, {"model": "API.palette", "pk": 121, "fields": {"screenshot": 25, "r": 58, "g": 60, "b": 54, "hex": "#3a3c36"}}, {"model": "API.palette", "pk": 122, "fields": {"screenshot": 25, "r": 28, "g": 30, "b": 25, "hex": "#1c1e19"}}, {"model": "API.palette", "pk": 123, "fields": {"screenshot": 25, "r": 83, "g": 80, "b": 61, "hex": "#53503d"}}, {"model": "API.palette", "pk": 124, "fields": {"screenshot": 25, "r": 210, "g": 206, "b": 177, "hex": "#d2ceb1"}}, {"model": "API.palette", "pk": 125, "fields": {"screenshot": 25, "r": 91, "g": 103, "b": 104, "hex": "#5b6768"}}, {"model": "API.palette", "pk": 126, "fields": {"screenshot": 26, "r": 49, "g": 49, "b": 43, "hex": "#31312b"}}, {"model": "API.palette", "pk": 127, "fields": {"screenshot": 26, "r": 90, "g": 83, "b": 67, "hex": "#5a5343"}}, {"model": "API.palette", "pk": 128, "fields": {"screenshot": 26, "r": 221, "g": 202, "b": 146, "hex": "#ddca92"}}, {"model": "API.palette", "pk": 129, "fields": {"screenshot": 26, "r": 134, "g": 122, "b": 93, "hex": "#867a5d"}}, {"model": "API.palette", "pk": 130, "fields": {"screenshot": 26, "r": 163, "g": 164, "b": 146, "hex": "#a3a492"}}, {"model": "API.palette", "pk": 131, "fields": {"screenshot": 27, "r": 55, "g": 59, "b": 56, "hex": "#373b38"}}, {"model": "API.palette", "pk": 132, "fields": {"screenshot": 27, "r": 93, "g": 91, "b": 70, "hex": "#5d5b46"}}, {"model": "API.palette", "pk": 133, "fields": {"screenshot": 27, "r": 34, "g": 36, "b": 29, "hex": "#22241d"}}, {"model": "API.palette", "pk": 134, "fields": {"screenshot": 27, "r": 135, "g": 147, "b": 127, "hex": "#87937f"}}, {"model": "API.palette", "pk": 135, "fields": {"screenshot": 27, "r": 172, "g": 159, "b": 119, "hex": "#ac9f77"}}, {"model": "API.palette", "pk": 136, "fields": {"screenshot": 28, "r": 33, "g": 33, "b": 30, "hex": "#21211e"}}, {"model": "API.palette", "pk": 137, "fields": {"screenshot": 28, "r": 73, "g": 83, "b": 78, "hex": "#49534e"}}, {"model": "API.palette", "pk": 138, "fields": {"screenshot": 28, "r": 139, "g": 178, "b": 179, "hex": "#8bb2b3"}}, {"model": "API.palette", "pk": 139, "fields": {"screenshot": 28, "r": 140, "g": 143, "b": 124, "hex": "#8c8f7c"}}, {"model": "API.palette", "pk": 140, "fields": {"screenshot": 28, "r": 220, "g": 209, "b": 172, "hex": "#dcd1ac"}}, {"model": "API.palette", "pk": 141, "fields": {"screenshot": 29, "r": 56, "g": 68, "b": 80, "hex": "#384450"}}, {"model": "API.palette", "pk": 142, "fields": {"screenshot": 29, "r": 31, "g": 39, "b": 40, "hex": "#1f2728"}}, {"model": "API.palette", "pk": 143, "fields": {"screenshot": 29, "r": 102, "g": 123, "b": 154, "hex": "#667b9a"}}, {"model": "API.palette", "pk": 144, "fields": {"screenshot": 29, "r": 183, "g": 211, "b": 222, "hex": "#b7d3de"}}, {"model": "API.palette", "pk": 145, "fields": {"screenshot": 29, "r": 113, "g": 115, "b": 126, "hex": "#71737e"}}, {"model": "API.palette", "pk": 146, "fields": {"screenshot": 30, "r": 227, "g": 219, "b": 188, "hex": "#e3dbbc"}}, {"model": "API.palette", "pk": 147, "fields": {"screenshot": 30, "r": 128, "g": 115, "b": 94, "hex": "#80735e"}}, {"model": "API.palette", "pk": 148, "fields": {"screenshot": 30, "r": 59, "g": 50, "b": 37, "hex": "#3b3225"}}, {"model": "API.palette", "pk": 149, "fields": {"screenshot": 30, "r": 31, "g": 26, "b": 19, "hex": "#1f1a13"}}, {"model": "API.palette", "pk": 150, "fields": {"screenshot": 30, "r": 117, "g": 75, "b": 61, "hex": "#754b3d"}}, {"model": "API.palette", "pk": 151, "fields": {"screenshot": 31, "r": 121, "g": 118, "b": 106, "hex": "#79766a"}}, {"model": "API.palette", "pk": 152, "fields": {"screenshot": 31, "r": 194, "g": 187, "b": 169, "hex": "#c2bba9"}}, {"model": "API.palette", "pk": 153, "fields": {"screenshot": 31, "r": 80, "g": 76, "b": 65, "hex": "#504c41"}}, {"model": "API.palette", "pk": 154, "fields": {"screenshot": 31, "r": 47, "g": 44, "b": 36, "hex": "#2f2c24"}}, {"model": "API.palette", "pk": 155, "fields": {"screenshot": 31, "r": 35, "g": 24, "b": 10, "hex": "#23180a"}}, {"model": "API.palette", "pk": 156, "fields": {"screenshot": 32, "r": 126, "g": 119, "b": 91, "hex": "#7e775b"}}, {"model": "API.palette", "pk": 157, "fields": {"screenshot": 32, "r": 36, "g": 40, "b": 38, "hex": "#242826"}}, {"model": "API.palette", "pk": 158, "fields": {"screenshot": 32, "r": 132, "g": 137, "b": 129, "hex": "#848981"}}, {"model": "API.palette", "pk": 159, "fields": {"screenshot": 32, "r": 76, "g": 76, "b": 57, "hex": "#4c4c39"}}, {"model": "API.palette", "pk": 160, "fields": {"screenshot": 32, "r": 90, "g": 112, "b": 118, "hex": "#5a7076"}}, {"model": "API.palette", "pk": 161, "fields": {"screenshot": 33, "r": 60, "g": 59, "b": 52, "hex": "#3c3b34"}}, {"model": "API.palette", "pk": 162, "fields": {"screenshot": 33, "r": 181, "g": 165, "b": 147, "hex": "#b5a593"}}, {"model": "API.palette", "pk": 163, "fields": {"screenshot": 33, "r": 32, "g": 29, "b": 24, "hex": "#201d18"}}, {"model": "API.palette", "pk": 164, "fields": {"screenshot": 33, "r": 118, "g": 108, "b": 93, "hex": "#766c5d"}}, {"model": "API.palette", "pk": 165, "fields": {"screenshot": 34, "r": 82, "g": 76, "b": 64, "hex": "#524c40"}}, {"model": "API.palette", "pk": 166, "fields": {"screenshot": 34, "r": 35, "g": 37, "b": 33, "hex": "#232521"}}, {"model": "API.palette", "pk": 167, "fields": {"screenshot": 34, "r": 159, "g": 157, "b": 145, "hex": "#9f9d91"}}, {"model": "API.palette", "pk": 168, "fields": {"screenshot": 34, "r": 104, "g": 83, "b": 70, "hex": "#685346"}}, {"model": "API.palette", "pk": 169, "fields": {"screenshot": 35, "r": 45, "g": 43, "b": 39, "hex": "#2d2b27"}}, {"model": "API.palette", "pk": 170, "fields": {"screenshot": 35, "r": 192, "g": 178, "b": 155, "hex": "#c0b29b"}}, {"model": "API.palette", "pk": 171, "fields": {"screenshot": 35, "r": 130, "g": 122, "b": 103, "hex": "#827a67"}}, {"model": "API.palette", "pk": 172, "fields": {"screenshot": 35, "r": 89, "g": 88, "b": 79, "hex": "#59584f"}}, {"model": "API.palette", "pk": 173, "fields": {"screenshot": 36, "r": 41, "g": 41, "b": 38, "hex": "#292926"}}, {"model": "API.palette", "pk": 174, "fields": {"screenshot": 36, "r": 122, "g": 102, "b": 82, "hex": "#7a6652"}}, {"model": "API.palette", "pk": 175, "fields": {"screenshot": 36, "r": 229, "g": 190, "b": 124, "hex": "#e5be7c"}}, {"model": "API.palette", "pk": 176, "fields": {"screenshot": 37, "r": 88, "g": 85, "b": 73, "hex": "#585549"}}, {"model": "API.palette", "pk": 177, "fields": {"screenshot": 37, "r": 43, "g": 40, "b": 34, "hex": "#2b2822"}}, {"model": "API.palette", "pk": 178, "fields": {"screenshot": 37, "r": 184, "g": 149, "b": 106, "hex": "#b8956a"}}, {"model": "API.palette", "pk": 179, "fields": {"screenshot": 37, "r": 155, "g": 113, "b": 82, "hex": "#9b7152"}}, {"model": "API.palette", "pk": 180, "fields": {"screenshot": 37, "r": 193, "g": 183, "b": 164, "hex": "#c1b7a4"}}, {"model": "API.palette", "pk": 181, "fields": {"screenshot": 38, "r": 96, "g": 96, "b": 88, "hex": "#606058"}}, {"model": "API.palette", "pk": 182, "fields": {"screenshot": 38, "r": 217, "g": 206, "b": 186, "hex": "#d9ceba"}}, {"model": "API.palette", "pk": 183, "fields": {"screenshot": 38, "r": 66, "g": 62, "b": 51, "hex": "#423e33"}}, {"model": "API.palette", "pk": 184, "fields": {"screenshot": 38, "r": 32, "g": 31, "b": 25, "hex": "#201f19"}}, {"model": "API.palette", "pk": 185, "fields": {"screenshot": 38, "r": 150, "g": 137, "b": 113, "hex": "#968971"}}, {"model": "API.palette", "pk": 186, "fields": {"screenshot": 39, "r": 28, "g": 28, "b": 24, "hex": "#1c1c18"}}, {"model": "API.palette", "pk": 187, "fields": {"screenshot": 39, "r": 122, "g": 136, "b": 141, "hex": "#7a888d"}}, {"model": "API.palette", "pk": 188, "fields": {"screenshot": 39, "r": 86, "g": 89, "b": 84, "hex": "#565954"}}, {"model": "API.palette", "pk": 189, "fields": {"screenshot": 40, "r": 79, "g": 72, "b": 65, "hex": "#4f4841"}}, {"model": "API.palette", "pk": 190, "fields": {"screenshot": 40, "r": 49, "g": 43, "b": 36, "hex": "#312b24"}}, {"model": "API.palette", "pk": 191, "fields": {"screenshot": 40, "r": 149, "g": 126, "b": 95, "hex": "#957e5f"}}, {"model": "API.palette", "pk": 192, "fields": {"screenshot": 40, "r": 40, "g": 47, "b": 59, "hex": "#282f3b"}}, {"model": "API.palette", "pk": 193, "fields": {"screenshot": 40, "r": 51, "g": 63, "b": 38, "hex": "#333f26"}}, {"model": "API.palette", "pk": 194, "fields": {"screenshot": 41, "r": 50, "g": 47, "b": 46, "hex": "#322f2e"}}, {"model": "API.palette", "pk": 195, "fields": {"screenshot": 41, "r": 30, "g": 39, "b": 18, "hex": "#1e2712"}}, {"model": "API.palette", "pk": 196, "fields": {"screenshot": 41, "r": 165, "g": 178, "b": 192, "hex": "#a5b2c0"}}, {"model": "API.palette", "pk": 197, "fields": {"screenshot": 41, "r": 71, "g": 80, "b": 47, "hex": "#47502f"}}, {"model": "API.palette", "pk": 198, "fields": {"screenshot": 41, "r": 145, "g": 128, "b": 103, "hex": "#918067"}}, {"model": "API.palette", "pk": 199, "fields": {"screenshot": 42, "r": 64, "g": 60, "b": 53, "hex": "#403c35"}}, {"model": "API.palette", "pk": 200, "fields": {"screenshot": 42, "r": 96, "g": 99, "b": 105, "hex": "#606369"}}, {"model": "API.palette", "pk": 201, "fields": {"screenshot": 42, "r": 55, "g": 38, "b": 37, "hex": "#372625"}}, {"model": "API.palette", "pk": 202, "fields": {"screenshot": 42, "r": 104, "g": 62, "b": 56, "hex": "#683e38"}}, {"model": "API.palette", "pk": 203, "fields": {"screenshot": 42, "r": 39, "g": 50, "b": 73, "hex": "#273249"}}, {"model": "API.palette", "pk": 204, "fields": {"screenshot": 43, "r": 98, "g": 96, "b": 80, "hex": "#626050"}}, {"model": "API.palette", "pk": 205, "fields": {"screenshot": 43, "r": 163, "g": 163, "b": 152, "hex": "#a3a398"}}, {"model": "API.palette", "pk": 206, "fields": {"screenshot": 43, "r": 106, "g": 109, "b": 113, "hex": "#6a6d71"}}, {"model": "API.palette", "pk": 207, "fields": {"screenshot": 43, "r": 36, "g": 43, "b": 24, "hex": "#242b18"}}, {"model": "API.palette", "pk": 208, "fields": {"screenshot": 43, "r": 48, "g": 30, "b": 27, "hex": "#301e1b"}}, {"model": "API.palette", "pk": 209, "fields": {"screenshot": 44, "r": 46, "g": 42, "b": 33, "hex": "#2e2a21"}}, {"model": "API.palette", "pk": 210, "fields": {"screenshot": 44, "r": 41, "g": 24, "b": 18, "hex": "#291812"}}, {"model": "API.palette", "pk": 211, "fields": {"screenshot": 44, "r": 107, "g": 103, "b": 91, "hex": "#6b675b"}}, {"model": "API.palette", "pk": 212, "fields": {"screenshot": 44, "r": 24, "g": 28, "b": 27, "hex": "#181c1b"}}, {"model": "API.palette", "pk": 213, "fields": {"screenshot": 44, "r": 136, "g": 65, "b": 38, "hex": "#884126"}}, {"model": "API.palette", "pk": 214, "fields": {"screenshot": 45, "r": 30, "g": 30, "b": 35, "hex": "#1e1e23"}}, {"model": "API.palette", "pk": 215, "fields": {"screenshot": 45, "r": 142, "g": 132, "b": 122, "hex": "#8e847a"}}, {"model": "API.palette", "pk": 216, "fields": {"screenshot": 45, "r": 52, "g": 66, "b": 95, "hex": "#34425f"}}, {"model": "API.palette", "pk": 217, "fields": {"screenshot": 45, "r": 31, "g": 26, "b": 20, "hex": "#1f1a14"}}, {"model": "API.palette", "pk": 218, "fields": {"screenshot": 45, "r": 35, "g": 50, "b": 39, "hex": "#233227"}}, {"model": "API.palette", "pk": 219, "fields": {"screenshot": 46, "r": 43, "g": 41, "b": 38, "hex": "#2b2926"}}, {"model": "API.palette", "pk": 220, "fields": {"screenshot": 46, "r": 84, "g": 79, "b": 70, "hex": "#544f46"}}, {"model": "API.palette", "pk": 221, "fields": {"screenshot": 46, "r": 116, "g": 116, "b": 92, "hex": "#74745c"}}, {"model": "API.palette", "pk": 222, "fields": {"screenshot": 46, "r": 185, "g": 189, "b": 167, "hex": "#b9bda7"}}, {"model": "API.palette", "pk": 223, "fields": {"screenshot": 47, "r": 123, "g": 77, "b": 55, "hex": "#7b4d37"}}, {"model": "API.palette", "pk": 224, "fields": {"screenshot": 47, "r": 111, "g": 178, "b": 231, "hex": "#6fb2e7"}}, {"model": "API.palette", "pk": 225, "fields": {"screenshot": 47, "r": 173, "g": 125, "b": 91, "hex": "#ad7d5b"}}, {"model": "API.palette", "pk": 226, "fields": {"screenshot": 47, "r": 53, "g": 33, "b": 22, "hex": "#352116"}}, {"model": "API.palette", "pk": 227, "fields": {"screenshot": 47, "r": 88, "g": 66, "b": 45, "hex": "#58422d"}}, {"model": "API.palette", "pk": 228, "fields": {"screenshot": 48, "r": 92, "g": 75, "b": 59, "hex": "#5c4b3b"}}, {"model": "API.palette", "pk": 229, "fields": {"screenshot": 48, "r": 182, "g": 206, "b": 214, "hex": "#b6ced6"}}, {"model": "API.palette", "pk": 230, "fields": {"screenshot": 48, "r": 141, "g": 92, "b": 66, "hex": "#8d5c42"}}, {"model": "API.palette", "pk": 231, "fields": {"screenshot": 48, "r": 38, "g": 24, "b": 17, "hex": "#261811"}}, {"model": "API.palette", "pk": 232, "fields": {"screenshot": 48, "r": 165, "g": 135, "b": 101, "hex": "#a58765"}}, {"model": "API.palette", "pk": 233, "fields": {"screenshot": 49, "r": 93, "g": 61, "b": 51, "hex": "#5d3d33"}}, {"model": "API.palette", "pk": 234, "fields": {"screenshot": 49, "r": 44, "g": 30, "b": 24, "hex": "#2c1e18"}}, {"model": "API.palette", "pk": 235, "fields": {"screenshot": 49, "r": 119, "g": 102, "b": 88, "hex": "#776658"}}, {"model": "API.palette", "pk": 236, "fields": {"screenshot": 49, "r": 254, "g": 184, "b": 77, "hex": "#feb84d"}}, {"model": "API.palette", "pk": 237, "fields": {"screenshot": 49, "r": 147, "g": 82, "b": 61, "hex": "#93523d"}}, {"model": "API.palette", "pk": 238, "fields": {"screenshot": 50, "r": 42, "g": 31, "b": 20, "hex": "#2a1f14"}}, {"model": "API.palette", "pk": 239, "fields": {"screenshot": 50, "r": 85, "g": 74, "b": 67, "hex": "#554a43"}}, {"model": "API.palette", "pk": 240, "fields": {"screenshot": 50, "r": 152, "g": 133, "b": 116, "hex": "#988574"}}, {"model": "API.palette", "pk": 241, "fields": {"screenshot": 50, "r": 49, "g": 47, "b": 52, "hex": "#312f34"}}, {"model": "API.palette", "pk": 242, "fields": {"screenshot": 50, "r": 38, "g": 18, "b": 18, "hex": "#261212"}}, {"model": "API.palette", "pk": 243, "fields": {"screenshot": 51, "r": 163, "g": 85, "b": 64, "hex": "#a35540"}}, {"model": "API.palette", "pk": 244, "fields": {"screenshot": 51, "r": 254, "g": 254, "b": 204, "hex": "#fefecc"}}, {"model": "API.palette", "pk": 245, "fields": {"screenshot": 51, "r": 97, "g": 76, "b": 63, "hex": "#614c3f"}}, {"model": "API.palette", "pk": 246, "fields": {"screenshot": 51, "r": 51, "g": 41, "b": 36, "hex": "#332924"}}, {"model": "API.palette", "pk": 247, "fields": {"screenshot": 51, "r": 94, "g": 158, "b": 211, "hex": "#5e9ed3"}}, {"model": "API.palette", "pk": 248, "fields": {"screenshot": 52, "r": 144, "g": 123, "b": 108, "hex": "#907b6c"}}, {"model": "API.palette", "pk": 249, "fields": {"screenshot": 52, "r": 50, "g": 48, "b": 55, "hex": "#323037"}}, {"model": "API.palette", "pk": 250, "fields": {"screenshot": 52, "r": 85, "g": 52, "b": 48, "hex": "#553430"}}, {"model": "API.palette", "pk": 251, "fields": {"screenshot": 52, "r": 54, "g": 40, "b": 37, "hex": "#362825"}}, {"model": "API.palette", "pk": 252, "fields": {"screenshot": 52, "r": 163, "g": 100, "b": 82, "hex": "#a36452"}}, {"model": "API.palette", "pk": 253, "fields": {"screenshot": 53, "r": 246, "g": 196, "b": 132, "hex": "#f6c484"}}, {"model": "API.palette", "pk": 254, "fields": {"screenshot": 53, "r": 43, "g": 18, "b": 13, "hex": "#2b120d"}}, {"model": "API.palette", "pk": 255, "fields": {"screenshot": 53, "r": 143, "g": 94, "b": 58, "hex": "#8f5e3a"}}, {"model": "API.palette", "pk": 256, "fields": {"screenshot": 53, "r": 51, "g": 82, "b": 113, "hex": "#335271"}}, {"model": "API.palette", "pk": 257, "fields": {"screenshot": 53, "r": 197, "g": 174, "b": 140, "hex": "#c5ae8c"}}, {"model": "API.palette", "pk": 258, "fields": {"screenshot": 54, "r": 49, "g": 46, "b": 41, "hex": "#312e29"}}, {"model": "API.palette", "pk": 259, "fields": {"screenshot": 54, "r": 60, "g": 28, "b": 38, "hex": "#3c1c26"}}, {"model": "API.palette", "pk": 260, "fields": {"screenshot": 54, "r": 122, "g": 107, "b": 95, "hex": "#7a6b5f"}}, {"model": "API.palette", "pk": 261, "fields": {"screenshot": 54, "r": 29, "g": 25, "b": 18, "hex": "#1d1912"}}, {"model": "API.palette", "pk": 262, "fields": {"screenshot": 54, "r": 112, "g": 67, "b": 64, "hex": "#704340"}}, {"model": "API.palette", "pk": 263, "fields": {"screenshot": 55, "r": 95, "g": 81, "b": 52, "hex": "#5f5134"}}, {"model": "API.palette", "pk": 264, "fields": {"screenshot": 55, "r": 68, "g": 62, "b": 50, "hex": "#443e32"}}, {"model": "API.palette", "pk": 265, "fields": {"screenshot": 55, "r": 115, "g": 75, "b": 37, "hex": "#734b25"}}, {"model": "API.palette", "pk": 266, "fields": {"screenshot": 55, "r": 49, "g": 23, "b": 24, "hex": "#311718"}}, {"model": "API.palette", "pk": 267, "fields": {"screenshot": 55, "r": 169, "g": 188, "b": 206, "hex": "#a9bcce"}}, {"model": "API.palette", "pk": 268, "fields": {"screenshot": 56, "r": 74, "g": 71, "b": 64, "hex": "#4a4740"}}, {"model": "API.palette", "pk": 269, "fields": {"screenshot": 56, "r": 142, "g": 141, "b": 133, "hex": "#8e8d85"}}, {"model": "API.palette", "pk": 270, "fields": {"screenshot": 56, "r": 95, "g": 104, "b": 58, "hex": "#5f683a"}}, {"model": "API.palette", "pk": 271, "fields": {"screenshot": 56, "r": 124, "g": 89, "b": 77, "hex": "#7c594d"}}, {"model": "API.palette", "pk": 272, "fields": {"screenshot": 56, "r": 51, "g": 50, "b": 53, "hex": "#333235"}}, {"model": "API.palette", "pk": 273, "fields": {"screenshot": 56, "r": 108, "g": 117, "b": 126, "hex": "#6c757e"}}, {"model": "API.palette", "pk": 274, "fields": {"screenshot": 57, "r": 88, "g": 77, "b": 59, "hex": "#584d3b"}}, {"model": "API.palette", "pk": 275, "fields": {"screenshot": 57, "r": 134, "g": 173, "b": 209, "hex": "#86add1"}}, {"model": "API.palette", "pk": 276, "fields": {"screenshot": 57, "r": 85, "g": 41, "b": 38, "hex": "#552926"}}, {"model": "API.palette", "pk": 277, "fields": {"screenshot": 57, "r": 39, "g": 38, "b": 36, "hex": "#272624"}}, {"model": "API.palette", "pk": 278, "fields": {"screenshot": 57, "r": 69, "g": 118, "b": 49, "hex": "#457631"}}, {"model": "API.palette", "pk": 279, "fields": {"screenshot": 58, "r": 102, "g": 87, "b": 68, "hex": "#665744"}}, {"model": "API.palette", "pk": 280, "fields": {"screenshot": 58, "r": 90, "g": 164, "b": 204, "hex": "#5aa4cc"}}, {"model": "API.palette", "pk": 281, "fields": {"screenshot": 58, "r": 153, "g": 126, "b": 124, "hex": "#997e7c"}}, {"model": "API.palette", "pk": 282, "fields": {"screenshot": 58, "r": 185, "g": 159, "b": 143, "hex": "#b99f8f"}}, {"model": "API.palette", "pk": 283, "fields": {"screenshot": 58, "r": 68, "g": 46, "b": 32, "hex": "#442e20"}}, {"model": "API.palette", "pk": 284, "fields": {"screenshot": 59, "r": 62, "g": 48, "b": 3, "hex": "#3e3003"}}, {"model": "API.palette", "pk": 285, "fields": {"screenshot": 59, "r": 114, "g": 91, "b": 11, "hex": "#725b0b"}}, {"model": "API.palette", "pk": 286, "fields": {"screenshot": 59, "r": 33, "g": 23, "b": 1, "hex": "#211701"}}, {"model": "API.palette", "pk": 287, "fields": {"screenshot": 59, "r": 135, "g": 38, "b": 3, "hex": "#872603"}}, {"model": "API.palette", "pk": 288, "fields": {"screenshot": 59, "r": 95, "g": 22, "b": 2, "hex": "#5f1602"}}, {"model": "API.palette", "pk": 289, "fields": {"screenshot": 60, "r": 14, "g": 18, "b": 47, "hex": "#0e122f"}}, {"model": "API.palette", "pk": 290, "fields": {"screenshot": 60, "r": 5, "g": 22, "b": 38, "hex": "#051626"}}, {"model": "API.palette", "pk": 291, "fields": {"screenshot": 60, "r": 61, "g": 62, "b": 54, "hex": "#3d3e36"}}, {"model": "API.palette", "pk": 292, "fields": {"screenshot": 60, "r": 46, "g": 4, "b": 8, "hex": "#2e0408"}}, {"model": "API.palette", "pk": 293, "fields": {"screenshot": 60, "r": 46, "g": 39, "b": 37, "hex": "#2e2725"}}, {"model": "API.palette", "pk": 294, "fields": {"screenshot": 61, "r": 118, "g": 99, "b": 68, "hex": "#766344"}}, {"model": "API.palette", "pk": 295, "fields": {"screenshot": 61, "r": 103, "g": 47, "b": 40, "hex": "#672f28"}}, {"model": "API.palette", "pk": 296, "fields": {"screenshot": 61, "r": 153, "g": 155, "b": 138, "hex": "#999b8a"}}, {"model": "API.palette", "pk": 297, "fields": {"screenshot": 61, "r": 181, "g": 147, "b": 64, "hex": "#b59340"}}, {"model": "API.palette", "pk": 298, "fields": {"screenshot": 61, "r": 44, "g": 63, "b": 43, "hex": "#2c3f2b"}}, {"model": "API.palette", "pk": 299, "fields": {"screenshot": 61, "r": 59, "g": 50, "b": 35, "hex": "#3b3223"}}, {"model": "API.palette", "pk": 300, "fields": {"screenshot": 62, "r": 131, "g": 141, "b": 151, "hex": "#838d97"}}, {"model": "API.palette", "pk": 301, "fields": {"screenshot": 62, "r": 112, "g": 107, "b": 96, "hex": "#706b60"}}, {"model": "API.palette", "pk": 302, "fields": {"screenshot": 62, "r": 48, "g": 54, "b": 32, "hex": "#303620"}}, {"model": "API.palette", "pk": 303, "fields": {"screenshot": 63, "r": 0, "g": 0, "b": 0, "hex": "#000000"}}, {"model": "API.palette", "pk": 304, "fields": {"screenshot": 63, "r": 5, "g": 27, "b": 41, "hex": "#051b29"}}, {"model": "API.palette", "pk": 305, "fields": {"screenshot": 64, "r": 114, "g": 69, "b": 15, "hex": "#72450f"}}, {"model": "API.palette", "pk": 306, "fields": {"screenshot": 64, "r": 37, "g": 23, "b": 22, "hex": "#251716"}}, {"model": "API.palette", "pk": 307, "fields": {"screenshot": 64, "r": 75, "g": 49, "b": 13, "hex": "#4b310d"}}, {"model": "API.palette", "pk": 308, "fields": {"screenshot": 64, "r": 189, "g": 169, "b": 143, "hex": "#bda98f"}}, {"model": "API.palette", "pk": 309, "fields": {"screenshot": 64, "r": 59, "g": 28, "b": 17, "hex": "#3b1c11"}}, {"model": "API.palette", "pk": 310, "fields": {"screenshot": 65, "r": 30, "g": 13, "b": 27, "hex": "#1e0d1b"}}, {"model": "API.palette", "pk": 311, "fields": {"screenshot": 65, "r": 71, "g": 32, "b": 46, "hex": "#47202e"}}, {"model": "API.palette", "pk": 312, "fields": {"screenshot": 65, "r": 4, "g": 18, "b": 45, "hex": "#04122d"}}, {"model": "API.palette", "pk": 313, "fields": {"screenshot": 66, "r": 103, "g": 70, "b": 55, "hex": "#674637"}}, {"model": "API.palette", "pk": 314, "fields": {"screenshot": 66, "r": 76, "g": 73, "b": 78, "hex": "#4c494e"}}, {"model": "API.palette", "pk": 315, "fields": {"screenshot": 66, "r": 146, "g": 155, "b": 172, "hex": "#929bac"}}, {"model": "API.palette", "pk": 316, "fields": {"screenshot": 66, "r": 61, "g": 43, "b": 33, "hex": "#3d2b21"}}, {"model": "API.palette", "pk": 317, "fields": {"screenshot": 66, "r": 221, "g": 200, "b": 180, "hex": "#ddc8b4"}}, {"model": "API.palette", "pk": 318, "fields": {"screenshot": 67, "r": 45, "g": 60, "b": 37, "hex": "#2d3c25"}}, {"model": "API.palette", "pk": 319, "fields": {"screenshot": 67, "r": 30, "g": 22, "b": 12, "hex": "#1e160c"}}, {"model": "API.palette", "pk": 320, "fields": {"screenshot": 67, "r": 254, "g": 254, "b": 223, "hex": "#fefedf"}}, {"model": "API.palette", "pk": 321, "fields": {"screenshot": 67, "r": 165, "g": 172, "b": 176, "hex": "#a5acb0"}}, {"model": "API.palette", "pk": 322, "fields": {"screenshot": 67, "r": 101, "g": 87, "b": 47, "hex": "#65572f"}}, {"model": "API.palette", "pk": 323, "fields": {"screenshot": 68, "r": 156, "g": 243, "b": 254, "hex": "#9cf3fe"}}, {"model": "API.palette", "pk": 324, "fields": {"screenshot": 68, "r": 148, "g": 143, "b": 55, "hex": "#948f37"}}, {"model": "API.palette", "pk": 325, "fields": {"screenshot": 68, "r": 156, "g": 181, "b": 191, "hex": "#9cb5bf"}}, {"model": "API.palette", "pk": 326, "fields": {"screenshot": 68, "r": 128, "g": 122, "b": 114, "hex": "#807a72"}}, {"model": "API.palette", "pk": 327, "fields": {"screenshot": 68, "r": 109, "g": 99, "b": 63, "hex": "#6d633f"}}, {"model": "API.palette", "pk": 328, "fields": {"screenshot": 69, "r": 58, "g": 75, "b": 86, "hex": "#3a4b56"}}, {"model": "API.palette", "pk": 329, "fields": {"screenshot": 69, "r": 4, "g": 18, "b": 45, "hex": "#04122d"}}, {"model": "API.palette", "pk": 330, "fields": {"screenshot": 70, "r": 144, "g": 110, "b": 90, "hex": "#906e5a"}}, {"model": "API.palette", "pk": 331, "fields": {"screenshot": 70, "r": 196, "g": 154, "b": 111, "hex": "#c49a6f"}}, {"model": "API.palette", "pk": 332, "fields": {"screenshot": 70, "r": 26, "g": 51, "b": 15, "hex": "#1a330f"}}, {"model": "API.palette", "pk": 333, "fields": {"screenshot": 70, "r": 254, "g": 254, "b": 220, "hex": "#fefedc"}}, {"model": "API.palette", "pk": 334, "fields": {"screenshot": 70, "r": 187, "g": 178, "b": 159, "hex": "#bbb29f"}}, {"model": "API.palette", "pk": 335, "fields": {"screenshot": 71, "r": 106, "g": 164, "b": 212, "hex": "#6aa4d4"}}, {"model": "API.palette", "pk": 336, "fields": {"screenshot": 71, "r": 98, "g": 98, "b": 107, "hex": "#62626b"}}, {"model": "API.palette", "pk": 337, "fields": {"screenshot": 71, "r": 202, "g": 178, "b": 148, "hex": "#cab294"}}, {"model": "API.palette", "pk": 338, "fields": {"screenshot": 71, "r": 88, "g": 118, "b": 146, "hex": "#587692"}}, {"model": "API.palette", "pk": 339, "fields": {"screenshot": 71, "r": 108, "g": 98, "b": 92, "hex": "#6c625c"}}, {"model": "API.palette", "pk": 340, "fields": {"screenshot": 72, "r": 83, "g": 115, "b": 92, "hex": "#53735c"}}, {"model": "API.palette", "pk": 341, "fields": {"screenshot": 72, "r": 135, "g": 117, "b": 104, "hex": "#877568"}}, {"model": "API.palette", "pk": 342, "fields": {"screenshot": 72, "r": 89, "g": 92, "b": 81, "hex": "#595c51"}}, {"model": "API.palette", "pk": 343, "fields": {"screenshot": 72, "r": 128, "g": 150, "b": 163, "hex": "#8096a3"}}, {"model": "API.palette", "pk": 344, "fields": {"screenshot": 73, "r": 77, "g": 73, "b": 45, "hex": "#4d492d"}}, {"model": "API.palette", "pk": 345, "fields": {"screenshot": 73, "r": 188, "g": 182, "b": 175, "hex": "#bcb6af"}}, {"model": "API.palette", "pk": 346, "fields": {"screenshot": 73, "r": 128, "g": 119, "b": 113, "hex": "#807771"}}, {"model": "API.palette", "pk": 347, "fields": {"screenshot": 73, "r": 43, "g": 40, "b": 29, "hex": "#2b281d"}}, {"model": "API.palette", "pk": 348, "fields": {"screenshot": 74, "r": 40, "g": 19, "b": 14, "hex": "#28130e"}}, {"model": "API.palette", "pk": 349, "fields": {"screenshot": 74, "r": 171, "g": 139, "b": 167, "hex": "#ab8ba7"}}, {"model": "API.palette", "pk": 350, "fields": {"screenshot": 74, "r": 146, "g": 150, "b": 179, "hex": "#9296b3"}}, {"model": "API.palette", "pk": 351, "fields": {"screenshot": 74, "r": 86, "g": 89, "b": 117, "hex": "#565975"}}, {"model": "API.palette", "pk": 352, "fields": {"screenshot": 74, "r": 70, "g": 44, "b": 38, "hex": "#462c26"}}, {"model": "API.palette", "pk": 353, "fields": {"screenshot": 75, "r": 77, "g": 89, "b": 105, "hex": "#4d5969"}}, {"model": "API.palette", "pk": 354, "fields": {"screenshot": 75, "r": 131, "g": 138, "b": 148, "hex": "#838a94"}}, {"model": "API.palette", "pk": 355, "fields": {"screenshot": 75, "r": 102, "g": 129, "b": 170, "hex": "#6681aa"}}, {"model": "API.palette", "pk": 356, "fields": {"screenshot": 75, "r": 154, "g": 185, "b": 211, "hex": "#9ab9d3"}}, {"model": "API.palette", "pk": 357, "fields": {"screenshot": 75, "r": 41, "g": 41, "b": 45, "hex": "#29292d"}}, {"model": "API.palette", "pk": 358, "fields": {"screenshot": 76, "r": 142, "g": 61, "b": 36, "hex": "#8e3d24"}}, {"model": "API.palette", "pk": 359, "fields": {"screenshot": 76, "r": 72, "g": 27, "b": 12, "hex": "#481b0c"}}, {"model": "API.palette", "pk": 360, "fields": {"screenshot": 76, "r": 43, "g": 25, "b": 15, "hex": "#2b190f"}}, {"model": "API.palette", "pk": 361, "fields": {"screenshot": 76, "r": 121, "g": 12, "b": 8, "hex": "#790c08"}}, {"model": "API.palette", "pk": 362, "fields": {"screenshot": 76, "r": 76, "g": 55, "b": 42, "hex": "#4c372a"}}, {"model": "API.palette", "pk": 363, "fields": {"screenshot": 77, "r": 175, "g": 156, "b": 132, "hex": "#af9c84"}}, {"model": "API.palette", "pk": 364, "fields": {"screenshot": 77, "r": 68, "g": 55, "b": 39, "hex": "#443727"}}, {"model": "API.palette", "pk": 365, "fields": {"screenshot": 77, "r": 107, "g": 89, "b": 71, "hex": "#6b5947"}}, {"model": "API.palette", "pk": 366, "fields": {"screenshot": 77, "r": 33, "g": 28, "b": 22, "hex": "#211c16"}}, {"model": "API.palette", "pk": 367, "fields": {"screenshot": 77, "r": 88, "g": 86, "b": 77, "hex": "#58564d"}}, {"model": "API.palette", "pk": 368, "fields": {"screenshot": 78, "r": 15, "g": 31, "b": 34, "hex": "#0f1f22"}}, {"model": "API.palette", "pk": 369, "fields": {"screenshot": 78, "r": 32, "g": 69, "b": 82, "hex": "#204552"}}, {"model": "API.palette", "pk": 370, "fields": {"screenshot": 78, "r": 104, "g": 145, "b": 165, "hex": "#6891a5"}}, {"model": "API.palette", "pk": 371, "fields": {"screenshot": 78, "r": 187, "g": 205, "b": 215, "hex": "#bbcdd7"}}, {"model": "API.palette", "pk": 372, "fields": {"screenshot": 78, "r": 210, "g": 160, "b": 155, "hex": "#d2a09b"}}, {"model": "API.palette", "pk": 373, "fields": {"screenshot": 79, "r": 38, "g": 43, "b": 44, "hex": "#262b2c"}}, {"model": "API.palette", "pk": 374, "fields": {"screenshot": 79, "r": 55, "g": 76, "b": 85, "hex": "#374c55"}}, {"model": "API.palette", "pk": 375, "fields": {"screenshot": 79, "r": 144, "g": 164, "b": 176, "hex": "#90a4b0"}}, {"model": "API.palette", "pk": 376, "fields": {"screenshot": 79, "r": 176, "g": 167, "b": 122, "hex": "#b0a77a"}}, {"model": "API.palette", "pk": 377, "fields": {"screenshot": 80, "r": 21, "g": 28, "b": 34, "hex": "#151c22"}}, {"model": "API.palette", "pk": 378, "fields": {"screenshot": 80, "r": 43, "g": 35, "b": 30, "hex": "#2b231e"}}, {"model": "API.palette", "pk": 379, "fields": {"screenshot": 80, "r": 42, "g": 63, "b": 87, "hex": "#2a3f57"}}, {"model": "API.palette", "pk": 380, "fields": {"screenshot": 80, "r": 159, "g": 150, "b": 142, "hex": "#9f968e"}}, {"model": "API.palette", "pk": 381, "fields": {"screenshot": 80, "r": 95, "g": 88, "b": 82, "hex": "#5f5852"}}, {"model": "API.palette", "pk": 382, "fields": {"screenshot": 81, "r": 12, "g": 28, "b": 35, "hex": "#0c1c23"}}, {"model": "API.palette", "pk": 383, "fields": {"screenshot": 81, "r": 56, "g": 79, "b": 92, "hex": "#384f5c"}}, {"model": "API.palette", "pk": 384, "fields": {"screenshot": 81, "r": 164, "g": 177, "b": 184, "hex": "#a4b1b8"}}, {"model": "API.palette", "pk": 385, "fields": {"screenshot": 81, "r": 54, "g": 183, "b": 192, "hex": "#36b7c0"}}, {"model": "API.palette", "pk": 386, "fields": {"screenshot": 81, "r": 148, "g": 105, "b": 116, "hex": "#946974"}}, {"model": "API.palette", "pk": 387, "fields": {"screenshot": 82, "r": 31, "g": 51, "b": 50, "hex": "#1f3332"}}, {"model": "API.palette", "pk": 388, "fields": {"screenshot": 82, "r": 37, "g": 99, "b": 92, "hex": "#25635c"}}, {"model": "API.palette", "pk": 389, "fields": {"screenshot": 82, "r": 28, "g": 28, "b": 24, "hex": "#1c1c18"}}, {"model": "API.palette", "pk": 390, "fields": {"screenshot": 82, "r": 76, "g": 75, "b": 56, "hex": "#4c4b38"}}, {"model": "API.palette", "pk": 391, "fields": {"screenshot": 82, "r": 170, "g": 189, "b": 171, "hex": "#aabdab"}}, {"model": "API.palette", "pk": 392, "fields": {"screenshot": 83, "r": 29, "g": 31, "b": 33, "hex": "#1d1f21"}}, {"model": "API.palette", "pk": 393, "fields": {"screenshot": 83, "r": 82, "g": 87, "b": 93, "hex": "#52575d"}}, {"model": "API.palette", "pk": 394, "fields": {"screenshot": 83, "r": 52, "g": 43, "b": 38, "hex": "#342b26"}}, {"model": "API.palette", "pk": 395, "fields": {"screenshot": 83, "r": 117, "g": 134, "b": 144, "hex": "#758690"}}, {"model": "API.palette", "pk": 396, "fields": {"screenshot": 83, "r": 168, "g": 104, "b": 58, "hex": "#a8683a"}}, {"model": "API.palette", "pk": 397, "fields": {"screenshot": 84, "r": 30, "g": 32, "b": 34, "hex": "#1e2022"}}, {"model": "API.palette", "pk": 398, "fields": {"screenshot": 84, "r": 27, "g": 53, "b": 59, "hex": "#1b353b"}}, {"model": "API.palette", "pk": 399, "fields": {"screenshot": 84, "r": 130, "g": 157, "b": 161, "hex": "#829da1"}}, {"model": "API.palette", "pk": 400, "fields": {"screenshot": 84, "r": 43, "g": 32, "b": 21, "hex": "#2b2015"}}, {"model": "API.palette", "pk": 401, "fields": {"screenshot": 84, "r": 101, "g": 85, "b": 67, "hex": "#655543"}}, {"model": "API.palette", "pk": 402, "fields": {"screenshot": 85, "r": 52, "g": 58, "b": 58, "hex": "#343a3a"}}, {"model": "API.palette", "pk": 403, "fields": {"screenshot": 85, "r": 86, "g": 104, "b": 110, "hex": "#56686e"}}, {"model": "API.palette", "pk": 404, "fields": {"screenshot": 85, "r": 152, "g": 182, "b": 181, "hex": "#98b6b5"}}, {"model": "API.palette", "pk": 405, "fields": {"screenshot": 85, "r": 29, "g": 31, "b": 32, "hex": "#1d1f20"}}, {"model": "API.palette", "pk": 406, "fields": {"screenshot": 85, "r": 137, "g": 140, "b": 133, "hex": "#898c85"}}, {"model": "API.palette", "pk": 407, "fields": {"screenshot": 86, "r": 28, "g": 47, "b": 50, "hex": "#1c2f32"}}, {"model": "API.palette", "pk": 408, "fields": {"screenshot": 86, "r": 55, "g": 88, "b": 90, "hex": "#37585a"}}, {"model": "API.palette", "pk": 409, "fields": {"screenshot": 86, "r": 92, "g": 156, "b": 169, "hex": "#5c9ca9"}}, {"model": "API.palette", "pk": 410, "fields": {"screenshot": 86, "r": 29, "g": 25, "b": 19, "hex": "#1d1913"}}, {"model": "API.palette", "pk": 411, "fields": {"screenshot": 86, "r": 10, "g": 27, "b": 36, "hex": "#0a1b24"}}, {"model": "API.palette", "pk": 412, "fields": {"screenshot": 87, "r": 137, "g": 153, "b": 159, "hex": "#89999f"}}, {"model": "API.palette", "pk": 413, "fields": {"screenshot": 87, "r": 28, "g": 47, "b": 53, "hex": "#1c2f35"}}, {"model": "API.palette", "pk": 414, "fields": {"screenshot": 87, "r": 75, "g": 90, "b": 93, "hex": "#4b5a5d"}}, {"model": "API.palette", "pk": 415, "fields": {"screenshot": 87, "r": 31, "g": 29, "b": 27, "hex": "#1f1d1b"}}, {"model": "API.palette", "pk": 416, "fields": {"screenshot": 87, "r": 100, "g": 100, "b": 94, "hex": "#64645e"}}, {"model": "API.palette", "pk": 417, "fields": {"screenshot": 88, "r": 80, "g": 108, "b": 111, "hex": "#506c6f"}}, {"model": "API.palette", "pk": 418, "fields": {"screenshot": 88, "r": 44, "g": 69, "b": 73, "hex": "#2c4549"}}, {"model": "API.palette", "pk": 419, "fields": {"screenshot": 88, "r": 16, "g": 31, "b": 38, "hex": "#101f26"}}, {"model": "API.palette", "pk": 420, "fields": {"screenshot": 88, "r": 142, "g": 155, "b": 157, "hex": "#8e9b9d"}}, {"model": "API.palette", "pk": 421, "fields": {"screenshot": 88, "r": 41, "g": 93, "b": 121, "hex": "#295d79"}}, {"model": "API.palette", "pk": 422, "fields": {"screenshot": 89, "r": 33, "g": 56, "b": 61, "hex": "#21383d"}}, {"model": "API.palette", "pk": 423, "fields": {"screenshot": 89, "r": 76, "g": 145, "b": 156, "hex": "#4c919c"}}, {"model": "API.palette", "pk": 424, "fields": {"screenshot": 89, "r": 44, "g": 49, "b": 40, "hex": "#2c3128"}}, {"model": "API.palette", "pk": 425, "fields": {"screenshot": 89, "r": 123, "g": 144, "b": 144, "hex": "#7b9090"}}, {"model": "API.palette", "pk": 426, "fields": {"screenshot": 89, "r": 76, "g": 95, "b": 94, "hex": "#4c5f5e"}}]
